date, pm25, pm10, o3, no2, so2, co
2020/2/2, 15, 5, 25, 7, 3, 
2020/2/3, 13, 9, 28, 5, 3, 
2020/2/4, 22, 10, 26, 14, 4, 1
2020/2/5, 21, 11, 22, 9, 3, 1
2020/2/6, 24, 13, 19, 10, 2, 1
2020/2/7, 38, 16, 14, 16, 2, 1
2020/2/8, 42, 6, 31, 2, 1, 
2020/2/9, 16, 1, 22, 10, 1, 
2020/2/10, 5, , , , , 
2020/1/2, 58, 7, 25, 1, 1, 
2020/1/3, 20, 10, 24, 9, 2, 
2020/1/4, 22, 5, 24, 5, 2, 
2020/1/5, 13, 2, 25, 1, 1, 
2020/1/6, 6, 2, 27, , 1, 
2020/1/7, 5, 3, 24, 1, , 
2020/1/8, 7, 9, 23, 5, 2, 
2020/1/9, 21, 9, 19, 13, 1, 
2020/1/10, 25, 7, 26, 9, 1, 5
2020/1/11, 21, 2, 26, 4, 3, 5
2020/1/12, 5, 5, 24, 3, 3, 5
2020/1/13, 14, 6, 26, 2, 3, 3
2020/1/14, 14, 6, 26, 3, 2, 
2020/1/15, 15, 8, 26, 1, 2, 
2020/1/16, 19, 7, 24, 2, 2, 
2020/1/17, 16, 10, 23, 6, 2, 
2020/1/18, 23, 8, 18, 15, 3, 
2020/1/19, 18, 7, 21, 5, 2, 
2020/1/20, 16, 9, 21, 4, 2, 
2020/1/21, 23, 5, 19, 7, 1, 
2020/1/22, 14, 6, 21, 10, 1, 
2020/1/23, 16, 4, 21, 6, 1, 
2020/1/24, 10, 3, , 7, , 
2020/1/25, 7, 3, , 2, , 
2020/1/26, 12, 7, , 3, 1, 
2020/1/27, 19, 7, 18, 5, , 
2020/1/28, 15, 4, 20, 5, , 
2020/1/29, 9, 6, 23, 4, , 
2020/1/30, 14, , , , , 
2020/2/1, 14, 5, 29, 8, 1, 
2019/10/1, 11, 5, 18, 12, , 
2019/10/2, 11, 7, 15, 10, 2, 
2019/10/3, 17, 8, 24, 5, 2, 
2019/10/4, 19, 7, 18, 5, 2, 
2019/10/5, 15, 6, 22, 5, 2, 
2019/10/6, 17, 7, 20, 4, 2, 
2019/10/7, 19, 8, 22, 3, 3, 
2019/10/8, 19, 7, 23, 3, 3, 
2019/10/9, 17, 6, 23, 5, 3, 
2019/10/10, 14, 8, 21, 3, 4, 
2019/10/11, 18, 5, 21, 5, 4, 
2019/10/12, 10, 7, 11, 11, 4, 
2019/10/13, 21, 7, 12, 13, 4, 1
2019/10/14, 20, 9, 16, 13, 2, 1
2019/10/15, 27, 8, 17, 11, 1, 
2019/10/16, 21, 8, 14, 12, 2, 1
2019/10/17, 18, 8, 13, 14, 2, 1
2019/10/18, 25, 6, 25, 8, 2, 
2019/10/19, 14, 5, 23, 7, 2, 1
2019/10/20, 10, 5, 23, 11, 2, 1
2019/10/21, 10, 4, 24, 4, 2, 1
2019/10/22, 11, 5, 25, 4, 2, 
2019/10/23, 13, 4, 21, 8, 2, 
2019/10/24, 9, 6, 23, 6, 2, 2
2019/10/25, 13, 4, 24, 2, 1, 1
2019/10/26, 9, 5, 21, 8, 2, 1
2019/10/28, 13, 6, 17, 14, 2, 2
2019/10/29, 13, 6, 23, 8, 2, 1
2019/10/30, 12, 5, 21, 9, 2, 1
2019/10/31, 10, 11, 21, 7, 2, 1
2019/11/1, 32, 9, 8, 6, 2, 2
2019/11/2, 32, 6, 11, 11, 2, 
2019/11/3, 18, 13, 20, 3, 2, 
2019/11/4, 29, 9, 22, 2, 3, 
2019/11/5, 21, 12, 22, 10, 3, 1
2019/11/6, 26, 12, 17, 9, 3, 2
2019/11/7, 33, 6, 25, 3, 3, 1
2019/11/8, 13, 9, 21, 14, 2, 2
2019/11/9, 17, 8, 22, 8, 3, 2
2019/11/10, 18, 7, 21, 9, 3, 1
2019/11/11, 17, 3, 20, 8, 3, 1
2019/11/12, 8, 3, 13, 11, 3, 1
2019/11/13, 7, 7, 10, 15, 4, 2
2019/11/14, 18, 5, 16, 12, 2, 1
2019/11/15, 10, 5, 19, 7, 1, 1
2019/11/16, 11, 9, 10, 15, 1, 1
2019/11/17, 27, 11, 3, 18, 2, 3
2019/11/18, 40, 11, 8, 24, 2, 3
2019/11/19, 30, 8, 8, 19, 2, 3
2019/11/20, 23, 13, 13, 9, 1, 1
2019/11/21, 47, 9, 21, 3, 2, 
2019/11/22, 27, 11, 21, 6, 1, 1
2019/11/23, 33, 14, 19, 2, , 
2019/11/24, 41, 16, 8, 4, , 
2019/11/25, 50, 12, 13, 6, , 
2019/11/26, 44, 7, 10, 4, 1, 
2019/11/27, 24, 6, 12, 11, 1, 
2019/11/28, 21, 7, 20, 8, 1, 
2019/11/29, 14, 10, 9, 24, 1, 
2019/11/30, 24, 16, 1, 29, 2, 1
2019/12/1, 50, 8, 10, 20, 4, 
2019/12/2, 27, 5, 19, 8, 4, 
2019/12/3, 13, 9, 21, 10, 4, 
2019/12/4, 27, 8, 24, 3, 5, 
2019/12/5, 18, 4, 25, 2, 5, 
2019/12/6, 9, 4, 24, 10, 5, 
2019/12/7, 10, 2, 23, 3, 6, 
2019/12/8, 6, 4, 30, 2, 6, 
2019/12/9, 11, 9, 20, 12, 5, 
2019/12/10, 18, 4, 26, 2, 6, 
2019/12/11, 11, 5, 27, 2, 6, 
2019/12/12, 13, 8, 25, 8, 6, 
2019/12/13, 23, 6, 12, 18, 5, 
2019/12/14, 20, 3, 24, 4, 2, 
2019/12/15, 7, 7, 24, 4, 2, 
2019/12/16, 17, 5, 23, 4, 1, 
2019/12/17, 12, 4, 21, 9, , 
2019/12/18, 11, 6, 16, 12, , 
2019/12/19, 18, 7, 12, 13, 1, 
2019/12/20, 22, 4, 22, 11, 1, 
2019/12/21, 13, 5, 19, 10, 2, 
2019/12/22, 19, 8, 14, 15, 2, 
2019/12/23, 29, 5, 22, 5, 3, 
2019/12/24, 13, 6, 20, 14, 1, 
2019/12/25, 17, 6, 20, 9, 1, 
2019/12/26, 21, 6, 21, 3, 1, 
2019/12/27, 20, 4, 18, 7, 1, 
2019/12/28, 13, 6, 23, 2, 2, 
2019/12/29, 18, , , , , 
2019/7/1, 20, 10, 22, 8, , 
2019/7/2, 22, 9, 18, 7, 2, 
2019/7/3, 24, 8, 15, 7, 2, 
2019/7/4, 18, 4, 16, 5, 3, 
2019/7/5, 10, 6, 21, 3, 3, 
2019/7/6, 18, 6, 23, 3, 3, 
2019/7/7, 14, 11, 21, 7, 3, 
2019/7/8, 22, 11, 13, 7, 3, 
2019/7/9, 36, , 14, 6, 4, 
2019/7/12, 20, 6, 18, 5, 4, 
2019/7/13, 16, 8, 22, 3, 4, 
2019/7/14, 19, 10, 23, 5, 5, 
2019/7/15, 26, 13, 26, 6, 5, 1
2019/7/16, 42, 11, 20, 4, 6, 1
2019/7/17, 29, , , , , 
2019/7/20, 17, 4, 15, , , 
2019/7/21, 11, 10, 13, , 1, 
2019/7/22, 18, 9, 12, , , 
2019/7/23, 24, 17, 22, , 1, 
2019/7/24, 44, 15, , , , 
2019/7/25, 34, 9, 15, , 5, 
2019/7/26, 22, 5, 17, 33, 7, 
2019/7/27, 12, 14, 27, 32, 7, 
2019/7/28, 41, 11, 27, , 8, 
2019/7/29, 32, 8, 22, 3, 8, 
2019/7/30, 21, 10, 28, 4, 2, 
2019/7/31, 31, 8, 21, 4, 1, 
2019/8/1, 22, 7, 22, 4, , 
2019/8/2, 16, 7, 20, 4, 1, 
2019/8/3, 18, 10, 22, 4, 3, 
2019/8/4, 30, 6, 18, 2, 4, 
2019/8/5, 15, 6, 16, 6, 5, 
2019/8/6, 15, 5, 15, 10, 5, 
2019/8/7, 11, 5, 22, 7, 4, 
2019/8/8, 9, 8, 22, 5, 5, 
2019/8/9, 18, 8, 20, 7, 7, 
2019/8/10, 18, 3, 16, 6, 5, 
2019/8/11, 6, 5, 18, 8, 4, 
2019/8/12, 12, 6, 20, 8, 3, 
2019/8/13, 14, 5, 17, 11, 5, 
2019/8/14, 14, 6, 16, 7, 5, 
2019/8/15, 12, 4, 17, 19, 6, 
2019/8/16, 11, 8, 20, 15, 7, 
2019/8/17, 17, 8, 20, 13, 7, 
2019/8/18, 18, 11, 17, 7, 5, 
2019/8/19, 20, 7, 18, 13, 3, 9
2019/8/20, 16, 5, 18, 5, 3, 7
2019/8/21, 15, 6, 21, 4, 4, 5
2019/8/22, 14, 6, 16, 3, 3, 4
2019/8/23, 17, 11, 34, 8, 4, 5
2019/8/24, 28, 19, 29, 12, 4, 5
2019/8/25, 57, 11, 29, 6, 4, 4
2019/8/26, 33, 12, 18, 10, 4, 4
2019/8/27, 30, 5, 21, 6, 6, 3
2019/8/28, 11, 7, 19, 3, 5, 
2019/8/29, 16, 7, 18, 2, 6, 
2019/8/30, 20, , , , , 
2019/9/1, 10, 3, 20, 4, 5, 
2019/9/2, 6, 2, 17, 4, 5, 
2019/9/3, 3, 6, 18, 4, 6, 
2019/9/4, 12, 10, 19, 7, 4, 
2019/9/5, 22, 6, 17, 9, 11, 
2019/9/6, 13, 4, 22, 9, 3, 
2019/9/7, 8, 4, 18, 7, 4, 
2019/9/8, 12, 5, 13, 8, 6, 
2019/9/9, 14, 5, 15, 7, 5, 
2019/9/10, 14, 7, 16, 5, 7, 
2019/9/11, 15, 6, 16, 8, 4, 
2019/9/12, 13, 11, 16, 10, 2, 
2019/9/13, 22, 6, 20, 3, 4, 
2019/9/14, 14, 17, 18, 11, 4, 
2019/9/15, 37, 10, 17, 10, 4, 
2019/9/16, 20, 10, 18, 12, 4, 1
2019/9/17, 21, 8, 11, 12, 2, 
2019/9/18, 18, 6, 16, 9, 3, 
2019/9/19, 17, 13, 19, 14, 5, 
2019/9/20, 35, 13, 22, 6, 7, 
2019/9/21, 32, 17, 15, 10, 9, 
2019/9/22, 48, 6, 19, 7, 9, 
2019/9/23, 17, 6, 12, 7, 11, 
2019/9/24, 16, 6, 16, 8, 11, 
2019/9/25, 18, 5, 17, 5, 12, 
2019/9/26, 11, 5, 15, 8, 8, 
2019/9/27, 11, 4, 15, 5, 1, 
2019/9/28, 10, 9, 21, 6, 1, 1
2019/9/29, 23, 3, 23, 3, , 
2019/9/30, 8, 6, 25, 7, , 
2019/4/1, 15, 8, 26, 12, 9, 
2019/4/2, 21, 5, 31, 8, 9, 
2019/4/3, 14, 7, 37, 3, 9, 
2019/4/4, 16, 26, 33, 5, 8, 
2019/4/5, 65, 24, 29, 12, 8, 
2019/4/6, 66, 26, 35, 4, 8, 
2019/4/7, 61, 24, 35, 2, 6, 
2019/4/8, 45, 18, 35, 4, 4, 
2019/4/9, 39, 15, 35, 12, 4, 
2019/4/10, 42, 21, 30, 11, 4, 1
2019/4/11, 51, 18, 31, 11, 4, 1
2019/4/12, 50, 10, 36, 4, 3, 
2019/4/13, 31, 11, 34, 3, 4, 
2019/4/14, 27, 19, 34, 4, 5, 
2019/4/15, 51, 33, 32, 5, 5, 
2019/4/16, 66, 28, 34, 5, 5, 
2019/4/17, 56, 38, 33, 8, 5, 
2019/4/18, 74, 36, 31, 16, 5, 
2019/4/19, 71, 36, 48, 21, 6, 
2019/4/20, 84, 28, 57, 11, 7, 
2019/4/21, 78, 28, 57, 8, 9, 
2019/4/22, 75, 39, 41, 8, 10, 
2019/4/23, 69, 59, 39, 5, 11, 
2019/4/24, 85, 14, 31, 8, 11, 
2019/4/25, 31, 7, 28, 6, 11, 
2019/4/26, 15, 11, 27, 5, 12, 
2019/4/27, 28, 10, 33, 5, 8, 
2019/4/28, 21, 20, 27, 7, 8, 
2019/4/29, 43, 23, 22, 11, 9, 
2019/4/30, 59, 14, 25, 13, 9, 
2019/5/1, 39, 10, 33, 8, 10, 
2019/5/2, 22, 10, 29, 7, 10, 
2019/5/3, 18, 9, 26, 7, 9, 
2019/5/4, 23, 10, 29, 8, 10, 
2019/5/5, 25, 9, 26, 7, 10, 
2019/5/6, 20, 9, 25, 6, 11, 
2019/5/7, 21, 10, 32, 4, 9, 
2019/5/8, 27, 12, 34, 3, 7, 
2019/5/9, 20, 9, 28, 7, 6, 
2019/5/10, 19, 7, 26, 10, 5, 
2019/5/11, 21, 10, 31, 10, 3, 
2019/5/12, 27, 11, 35, 10, 3, 
2019/5/13, 28, 18, 43, 12, 4, 1
2019/5/14, 49, 28, 38, 13, 5, 
2019/5/15, 68, 15, 35, 5, 6, 
2019/5/16, 40, 16, 37, 4, 7, 
2019/5/17, 38, 4, 33, 5, 8, 
2019/5/18, 18, 7, 25, 7, 8, 
2019/5/19, 26, 7, 22, 8, 8, 
2019/5/20, 22, 5, 25, 10, 7, 
2019/5/21, 19, 5, 24, 10, 8, 
2019/5/22, 17, 6, 27, 9, 8, 
2019/5/23, 13, 9, 28, 8, 8, 
2019/5/24, 19, 9, 24, 6, 8, 
2019/5/25, 23, 7, 23, 7, 10, 
2019/5/26, 16, 5, 28, 7, 10, 
2019/5/27, 14, 5, 27, 5, 9, 
2019/5/28, 13, 7, 19, 9, 10, 
2019/5/29, 22, 6, 22, 7, 10, 
2019/5/30, 16, 6, 20, 5, 5, 
2019/5/31, 18, 9, 25, 3, 2, 
2019/6/1, 24, 8, 26, 2, 8, 
2019/6/2, 22, 5, 24, 2, 5, 
2019/6/3, 17, 8, 24, 4, 3, 
2019/6/4, 19, 11, 27, 5, 4, 
2019/6/5, 24, 7, 28, 5, 3, 
2019/6/6, 20, 10, 28, 6, 3, 
2019/6/7, 26, 10, 28, 8, 3, 
2019/6/8, 30, 5, 24, 3, 2, 
2019/6/9, 15, 9, 28, 6, 2, 
2019/6/10, 22, 7, 25, 3, 5, 
2019/6/11, 11, 7, 22, 8, 1, 
2019/6/12, 15, 5, 23, 8, 2, 
2019/6/13, 13, 6, 28, 4, 3, 
2019/6/14, 19, 9, 28, 4, 3, 
2019/6/15, 27, 7, 29, 2, 3, 
2019/6/16, 23, 7, 27, 2, 3, 
2019/6/17, 20, 7, 25, 5, 3, 
2019/6/18, 22, 8, 27, 8, 3, 
2019/6/19, 24, 7, 25, 5, 4, 
2019/6/20, 16, 10, 23, 6, 3, 1
2019/6/21, 20, 10, 26, 6, 2, 1
2019/6/22, 22, 17, 28, 4, 3, 
2019/6/23, 40, 14, 27, 5, 3, 
2019/6/24, 29, 11, 23, 3, 5, 
2019/6/25, 24, 12, 23, 4, 5, 
2019/6/26, 29, 16, 23, 8, 3, 
2019/6/27, 38, 20, 17, 5, 10, 
2019/6/28, 43, 25, 21, 9, , 
2019/6/29, 56, 10, 21, 2, 1, 
2019/6/30, 23, 6, 19, 4, , 
2019/1/2, 27, 15, 10, 20, 2, 3
2019/1/3, 41, 15, 15, 18, 2, 3
2019/1/4, 43, 17, 17, 14, 2, 3
2019/1/5, 42, , 18, 14, 3, 3
2019/1/6, 42, , 14, 12, 3, 3
2019/1/7, 42, , 25, 4, 5, 3
2019/1/8, 21, 12, 22, 16, 5, 4
2019/1/9, 27, 11, 15, 20, 4, 4
2019/1/10, 26, 5, 13, 17, 5, 3
2019/1/11, 21, , 20, 14, 5, 3
2019/1/17, 14, , 21, 16, , 2
2019/1/18, 23, 19, 15, 13, 1, 2
2019/1/19, 34, 11, 10, 12, 1, 2
2019/1/20, 66, 7, 12, 15, , 2
2019/1/21, 57, 5, 23, 12, 1, 1
2019/1/22, 19, 3, 19, 20, 4, 2
2019/1/23, 23, 3, 13, 24, 3, 2
2019/1/24, 31, 4, 8, 25, 5, 3
2019/1/25, 44, 3, 23, 13, 3, 1
2019/1/26, 15, 3, 25, 6, 5, 1
2019/1/27, 12, 5, 26, 5, 5, 2
2019/1/28, 12, 8, 24, 13, 4, 2
2019/1/29, 17, 5, 26, 12, 5, 2
2019/1/30, 15, 6, 22, 14, 5, 2
2019/1/31, 20, 12, 16, 24, 5, 3
2019/2/1, 41, 17, 9, 28, 6, 3
2019/2/2, 56, 8, 20, 13, 3, 3
2019/2/3, 20, 7, 25, 8, 3, 2
2019/2/4, 20, 5, 28, 9, 4, 2
2019/2/5, 15, 8, 16, 16, 3, 3
2019/2/6, 27, 9, 28, 6, 4, 2
2019/2/7, 19, 9, 23, 12, 5, 3
2019/2/8, 28, 6, 28, 3, 5, 1
2019/2/9, 17, 9, 28, 5, 1, 
2019/2/10, 18, 7, 25, 10, , 
2019/2/11, 18, 6, 18, 14, 1, 1
2019/2/12, 19, 7, 25, 4, 1, 
2019/2/13, 19, 10, 26, 3, 1, 1
2019/2/14, 26, 19, 27, 11, 1, 1
2019/2/15, 42, 21, 29, 17, 2, 2
2019/2/16, 64, 8, 28, 3, 3, 1
2019/2/17, 18, 14, 31, 2, 4, 1
2019/2/18, 35, 8, 30, 3, 4, 1
2019/2/19, 18, 7, 27, 7, 4, 1
2019/2/20, 15, 3, 29, 3, 4, 1
2019/2/21, 10, 5, 27, 5, 3, 1
2019/2/22, 17, 25, 30, 7, 2, 1
2019/2/23, 50, 21, 32, 5, 2, 1
2019/2/24, 52, 16, 18, 14, 1, 2
2019/2/25, 43, 39, 10, 25, 2, 3
2019/2/26, 97, 35, 15, 27, 3, 3
2019/2/27, 87, 42, 21, 26, 4, 3
2019/2/28, 104, 27, 20, 14, 4, 2
2019/3/1, 74, 22, 18, 13, 4, 2
2019/3/2, 66, 8, 30, 6, 7, 1
2019/3/3, 22, 15, 30, 4, 8, 2
2019/3/4, 30, 7, 25, 12, 9, 2
2019/3/5, 14, 6, 22, 14, 8, 2
2019/3/6, 18, 9, 23, 12, 9, 2
2019/3/7, 17, 6, 21, 13, 9, 2
2019/3/8, 18, 6, 27, 10, 7, 2
2019/3/9, 16, 7, 31, 8, 7, 2
2019/3/10, 18, 6, 27, 8, 7, 2
2019/3/11, 16, 7, 29, 6, 5, 1
2019/3/12, 16, 5, 33, 1, 7, 
2019/3/13, 18, 8, 29, 6, 7, 1
2019/3/14, 19, 8, 28, 8, 7, 
2019/3/15, 18, 8, 28, 9, 7, 1
2019/3/16, 17, 5, 28, 8, 8, 1
2019/3/17, 18, 6, 28, 11, 7, 1
2019/3/18, 14, 6, 26, 11, 4, 1
2019/3/19, 15, 5, 25, 7, 4, 
2019/3/20, 12, 3, 24, 3, 4, 
2019/3/21, 11, 7, 20, 4, 3, 
2019/3/22, 17, 10, 27, 4, 5, 
2019/3/23, 20, 12, 29, 6, 4, 1
2019/3/24, 23, 9, 32, 5, 4, 1
2019/3/25, 21, 13, 28, 11, 4, 1
2019/3/26, 27, 12, 28, 12, 4, 1
2019/3/27, 24, 15, 27, 11, 4, 1
2019/3/28, 31, 13, 32, 6, 4, 1
2019/3/29, 34, 15, 36, 6, 5, 1
2019/3/30, 36, 13, 26, 8, 5, 1
2019/3/31, 19, 14, 29, 7, 4, 1
2018/10/1, 16, 13, 21, 10, 2, 1
2018/10/2, 26, 7, 19, 8, 2, 1
2018/10/3, 17, 4, 20, 5, 2, 1
2018/10/4, 11, 10, 21, 13, 3, 2
2018/10/5, 23, 7, 20, 13, 3, 2
2018/10/6, 21, 5, 25, 2, 3, 2
2018/10/7, 14, 4, 24, 2, 4, 1
2018/10/8, 10, 9, 27, 1, 4, 1
2018/10/9, 18, 16, 27, 9, 4, 2
2018/10/10, 47, 23, 26, 7, 5, 2
2018/10/11, 62, 6, 29, 2, 6, 2
2018/10/12, 15, 5, 26, 5, 6, 2
2018/10/13, 13, 6, 22, 11, 5, 3
2018/10/14, 17, 8, 15, 15, 5, 3
2018/10/15, 24, 5, 23, 8, 5, 3
2018/10/16, 19, 10, 23, 10, 4, 3
2018/10/17, 23, 9, 21, 12, 3, 3
2018/10/18, 22, 9, 24, 7, 4, 3
2018/10/19, 24, 5, 21, 5, 4, 2
2018/10/20, 18, 7, 22, 5, 4, 2
2018/10/21, 18, 13, 25, 7, 3, 3
2018/10/22, 25, 11, 27, 6, 4, 3
2018/10/23, 21, 7, 25, 8, 4, 3
2018/10/24, 11, 5, 26, 6, 4, 2
2018/10/25, 10, 9, 22, 9, 3, 1
2018/10/26, 14, 9, 24, 7, 2, 1
2018/10/27, 15, 9, 22, 11, 1, 1
2018/10/29, 18, 11, 18, 14, 3, 2
2018/10/30, 22, 11, 16, 14, 4, 2
2018/10/31, 26, 7, 21, 8, 5, 2
2018/11/1, 21, 7, 20, 15, 4, 2
2018/11/2, 17, 8, 22, 10, 3, 2
2018/11/3, 17, 4, 28, 1, 4, 1
2018/11/4, 10, 13, 29, 5, 5, 2
2018/11/5, 26, 24, 11, 11, 5, 3
2018/11/6, 72, 26, 10, 10, 6, 3
2018/11/7, 79, 6, 18, 5, 7, 3
2018/11/8, 24, 8, 21, 10, 5, 3
2018/11/9, 19, 12, 23, 5, 6, 3
2018/11/10, 37, 5, 24, 2, 8, 3
2018/11/11, 13, 5, 20, 9, 8, 3
2018/11/12, 18, 5, 23, 8, 7, 3
2018/11/13, 11, 6, 25, 4, 6, 3
2018/11/14, 14, 4, 28, 1, 5, 3
2018/11/15, 13, 7, 23, 5, 5, 3
2018/11/16, 25, 12, 23, 11, 5, 3
2018/11/17, 37, 21, 14, 8, 4, 3
2018/11/18, 64, 20, 16, 6, 4, 3
2018/11/19, 51, 11, 25, 3, 4, 3
2018/11/20, 25, 9, 24, 2, 5, 3
2018/11/21, 17, 11, 22, 5, 6, 4
2018/11/22, 32, 17, 9, 15, 5, 5
2018/11/23, 54, 7, 14, 6, 4, 2
2018/11/24, 23, 8, 15, 8, 4, 2
2018/11/25, 27, 5, 27, 3, 4, 2
2018/11/26, 12, 5, 27, 6, 4, 2
2018/11/27, 12, 6, 18, 6, 5, 3
2018/11/28, 21, 4, 30, 4, 7, 3
2018/11/29, 17, 8, 29, 5, 8, 3
2018/11/30, 18, 6, 26, 4, 7, 3
2018/12/1, 18, 9, 25, 9, 7, 3
2018/12/2, 25, 13, 9, 15, 8, 4
2018/12/3, 49, 7, 18, 23, 8, 4
2018/12/4, 27, 7, 14, 17, 5, 4
2018/12/5, 23, 6, 16, 13, 6, 4
2018/12/6, 25, 9, 22, 8, 7, 3
2018/12/7, 26, 8, 26, 3, 9, 4
2018/12/8, 20, 8, 26, 11, 9, 4
2018/12/9, 19, 8, 14, 20, 7, 4
2018/12/10, 26, 11, 12, 25, 6, 5
2018/12/11, 33, 8, 11, 16, 6, 4
2018/12/12, 33, 16, 16, 9, 6, 4
2018/12/13, 55, 12, 20, 8, 6, 5
2018/12/14, 38, 11, 15, 11, 6, 5
2018/12/15, 37, 14, 14, 7, 8, 5
2018/12/16, 50, 6, 27, 8, 9, 5
2018/12/17, 20, 9, 19, 14, 8, 5
2018/12/18, 25, 5, 25, 6, 6, 3
2018/12/19, 15, 9, 22, 14, 2, 2
2018/12/20, 26, 4, 21, 10, 2, 2
2018/12/21, 16, 6, 18, 13, 2, 3
2018/12/22, 21, 5, 21, 8, , 2
2018/12/23, 14, 9, 17, 19, , 3
2018/12/24, 30, 12, 4, 22, , 4
2018/12/25, 46, 14, 16, 13, , 3
2018/12/26, 49, 12, 19, 6, , 1
2018/12/27, 37, 14, 18, 7, , 2
2018/12/28, 36, 9, 21, 7, , 2
2018/12/29, 23, 6, 25, 7, , 2
2018/12/30, 16, 7, 24, 8, , 1
2018/12/31, 20, , , , , 
2018/7/1, 53, 13, 30, 2, 5, 4
2018/7/2, 29, 12, 28, 3, 6, 
2018/7/3, 26, 9, 21, 8, 7, 1
2018/7/4, 24, 16, 37, 4, 7, 
2018/7/5, 36, 11, 25, 6, 5, 
2018/7/6, 22, 10, 30, 6, 6, 
2018/7/7, 27, 8, 21, 2, 4, 
2018/7/8, 19, 9, 23, 2, 4, 
2018/7/9, 18, 5, 21, 4, 7, 
2018/7/10, 21, 3, 22, 3, 4, 
2018/7/11, 4, 1, 19, 4, 1, 
2018/7/18, 24, 2, , 7, , 
2018/7/19, 10, , 9, 6, 5, 
2018/7/24, 21, 8, 28, 5, 1, 
2018/7/25, 23, 12, 36, 4, 2, 1
2018/7/26, 36, 16, 36, 6, 2, 1
2018/7/27, 46, 10, 28, 3, 3, 
2018/7/28, 25, 7, 18, 3, 3, 
2018/7/29, 14, 9, 23, 4, 3, 1
2018/7/30, 16, 12, 23, 1, 2, 
2018/7/31, 14, 19, 22, 3, 1, 
2018/8/1, 18, , 17, 4, 1, 
2018/8/2, 12, 7, 15, 8, 1, 1
2018/8/3, 19, 6, 20, 8, , 1
2018/8/4, 19, 8, 23, 3, 1, 1
2018/8/5, 20, 7, 24, 5, 2, 1
2018/8/6, 21, 7, 20, 7, 3, 2
2018/8/7, 20, 7, 19, 6, 3, 2
2018/8/8, 14, 7, 21, 5, 2, 2
2018/8/9, 15, 6, 19, 10, 2, 2
2018/8/10, 19, 7, 24, 5, 2, 2
2018/8/11, 15, 6, 27, 3, 3, 2
2018/8/12, 16, 5, 25, 8, 3, 3
2018/8/13, 19, 5, 13, 6, 3, 3
2018/8/14, 16, 5, 19, 3, 3, 3
2018/8/15, 14, 7, 17, 4, 4, 3
2018/8/16, 21, 4, 18, 3, 3, 3
2018/8/17, 13, 5, 14, 6, 3, 4
2018/8/18, 18, 4, 16, 5, 3, 4
2018/8/19, 14, 10, 15, 7, 3, 4
2018/8/20, 28, 6, 19, 4, 3, 4
2018/8/21, 19, 5, 18, 6, 4, 4
2018/8/22, 15, 7, 18, 5, 4, 4
2018/8/23, 19, 6, 17, 9, 5, 4
2018/8/24, 18, 8, 22, 10, 5, 4
2018/8/25, 20, 4, 18, 7, 6, 4
2018/8/26, 15, 6, 17, 7, 6, 4
2018/8/27, 13, 7, 23, 4, 5, 4
2018/8/28, 21, 9, 19, 6, 5, 4
2018/8/29, 18, 11, 18, 9, 4, 4
2018/8/30, 18, 12, 30, 8, 4, 5
2018/8/31, 30, 7, 21, 5, 4, 4
2018/9/1, 20, 4, 22, 4, 4, 4
2018/9/2, 14, 5, 22, 4, 3, 3
2018/9/3, 15, 11, 22, 11, 2, 1
2018/9/4, 32, 8, 23, 8, 2, 1
2018/9/5, 22, 7, 19, 10, 3, 1
2018/9/6, 17, 6, 18, 12, 3, 2
2018/9/7, 16, 6, 18, 8, 3, 1
2018/9/8, 15, 5, 23, 2, 4, 1
2018/9/9, 14, 6, 22, 2, 3, 1
2018/9/10, 15, 12, 21, 3, 4, 2
2018/9/11, 23, 9, 20, 3, 3, 2
2018/9/12, 17, 9, 20, 2, 3, 2
2018/9/13, 20, 6, 17, 9, 4, 1
2018/9/14, 17, 6, 19, 5, 3, 1
2018/9/15, 15, 7, 22, 3, 4, 1
2018/9/16, 16, 6, 21, 3, 5, 1
2018/9/17, 18, 7, 25, 6, 6, 1
2018/9/18, 22, 9, 26, 2, 6, 2
2018/9/19, 21, 9, 25, 6, 6, 2
2018/9/20, 14, 5, 22, 9, 7, 2
2018/9/21, 13, 8, 23, 9, 5, 2
2018/9/22, 19, 5, 22, 10, 4, 2
2018/9/23, 16, 6, 22, 8, 3, 2
2018/9/24, 14, 7, 28, 2, 4, 2
2018/9/25, 17, 5, 14, 1, 2, 1
2018/9/26, 10, 7, 20, 9, 1, 1
2018/9/27, 21, 7, 16, 13, , 1
2018/9/28, 18, 6, 24, 3, 1, 1
2018/9/29, 12, 6, 23, 6, 2, 1
2018/9/30, 19, 8, 21, 9, 1, 1
2018/4/1, 18, 5, 41, 1, 3, 1
2018/4/2, 12, 4, 39, 2, 5, 1
2018/4/3, 8, 4, 36, 10, 5, 1
2018/4/4, 11, 9, 28, 9, 4, 
2018/4/5, 18, 13, 29, 8, 6, 1
2018/4/6, 36, 11, 36, 8, 9, 1
2018/4/7, 26, 9, 31, 7, 10, 1
2018/4/8, 27, 11, 28, 8, 13, 2
2018/4/9, 37, 8, 33, 3, 15, 1
2018/4/10, 16, 22, 34, 3, 15, 1
2018/4/11, 37, 28, 35, 3, 8, 2
2018/4/12, 45, 30, 33, 7, 11, 2
2018/4/13, 52, 19, 31, 9, 10, 2
2018/4/14, 58, 23, 36, 4, 6, 2
2018/4/15, 71, 9, 39, 3, 6, 2
2018/4/16, 27, 10, 42, 2, 5, 2
2018/4/17, 24, 7, 31, 4, , 1
2018/4/18, 20, 11, 36, 3, , 1
2018/4/19, 26, 10, 32, 7, , 1
2018/4/20, 24, 14, 34, 10, , 3
2018/4/21, 33, 14, 33, 6, 2, 4
2018/4/22, 34, 6, 32, 3, 1, 4
2018/4/23, 12, 8, 31, 4, 1, 2
2018/4/24, 17, 7, 29, 3, 2, 1
2018/4/25, 13, 7, 32, 5, 2, 1
2018/4/26, 16, 8, 33, 6, 2, 1
2018/4/27, 16, 5, 34, 3, 1, 1
2018/4/28, 17, 7, 35, 4, 1, 1
2018/4/29, 17, 11, 36, 4, 1, 1
2018/4/30, 20, 8, 36, 6, 3, 1
2018/5/1, 21, 6, 34, 7, 3, 2
2018/5/2, 14, 10, 33, 2, 2, 2
2018/5/3, 20, 5, 22, 3, 1, 3
2018/5/4, 15, 6, 19, 1, , 3
2018/5/5, 19, 8, 23, 5, , 3
2018/5/6, 27, 12, 46, 4, 1, 3
2018/5/7, 32, 11, 50, 3, 2, 3
2018/5/8, 34, 6, 33, 2, 2, 4
2018/5/9, 13, 12, 33, 4, 2, 4
2018/5/10, 23, 12, 34, 4, 2, 3
2018/5/11, 27, 6, 36, 4, 2, 3
2018/5/12, 18, 10, 34, 5, 2, 3
2018/5/13, 34, 9, 33, 7, 1, 3
2018/5/14, 23, 9, 29, 10, 1, 3
2018/5/15, 24, 8, 30, 3, 1, 3
2018/5/16, 14, 10, 32, 4, 1, 3
2018/5/17, 19, 16, 31, 12, 2, 3
2018/5/18, 38, 15, 41, 4, 2, 3
2018/5/19, 38, 13, 43, 1, 2, 3
2018/5/20, 35, 11, 39, 6, 3, 3
2018/5/21, 30, 8, 37, 1, 2, 3
2018/5/22, 16, 8, 35, 3, 2, 4
2018/5/23, 21, 13, 37, 3, 2, 4
2018/5/24, 44, 17, 46, 3, 2, 3
2018/5/25, 45, 22, 44, 1, 2, 4
2018/5/26, 56, 12, 32, 1, 3, 4
2018/5/27, 36, 12, 37, 4, 3, 4
2018/5/28, 43, 10, 40, 3, 3, 3
2018/5/29, 35, 22, 40, 2, 3, 3
2018/5/30, 53, 23, 37, 8, 2, 4
2018/5/31, 65, 25, 28, 14, 2, 5
2018/6/1, 67, 24, 27, 14, 2, 5
2018/6/2, 69, 19, 30, 6, 2, 4
2018/6/3, 61, 12, 31, 2, 2, 4
2018/6/4, 41, 18, 31, 2, 2, 3
2018/6/5, 30, 21, 32, 3, 2, 4
2018/6/6, 32, 20, 30, 3, 2, 4
2018/6/7, 35, 10, 29, 2, 3, 4
2018/6/8, 22, 12, 27, 2, 3, 4
2018/6/9, 31, 17, 29, 5, 4, 4
2018/6/10, 46, 9, 25, 5, 3, 4
2018/6/11, 25, 9, 25, 6, 3, 4
2018/6/12, 27, 9, 27, 2, 4, 4
2018/6/13, 25, 14, 24, 3, 5, 4
2018/6/14, 26, 9, 22, 2, 4, 5
2018/6/15, 21, 6, 23, 4, 5, 6
2018/6/16, 18, 6, 24, 1, 5, 6
2018/6/17, 14, 12, 27, 4, 5, 5
2018/6/18, 24, 14, 24, 6, 4, 5
2018/6/19, 24, 6, 21, 12, 7, 4
2018/6/20, 17, 10, 22, 16, 5, 2
2018/6/21, 19, 10, 23, 16, 5, 2
2018/6/22, 24, 10, 22, 14, 6, 2
2018/6/23, 23, 8, 32, , 7, 3
2018/6/24, 22, 12, 35, , 7, 3
2018/6/25, 30, 14, 32, 2, 6, 2
2018/6/26, 43, 17, 32, 6, 4, 1
2018/6/27, 51, 22, 39, 11, 5, 
2018/6/28, 53, 14, 33, 3, 5, 3
2018/6/29, 41, 15, 31, 4, 6, 3
2018/6/30, 33, 21, 33, 5, 6, 4
2018/1/2, 16, 7, 21, 5, 7, 9
2018/1/3, 16, 5, 22, 9, 9, 10
2018/1/4, 14, 5, 18, 11, 9, 10
2018/1/5, 16, 6, 14, 11, 9, 10
2018/1/6, 19, 11, 22, 5, 7, 9
2018/1/7, 17, 21, 10, 26, 8, 11
2018/1/8, 55, 14, 17, 14, 8, 9
2018/1/9, 29, 17, 17, 5, 10, 10
2018/1/10, 51, 21, 3, 15, 12, 12
2018/1/11, 66, 13, 3, 21, 9, 11
2018/1/12, 48, , 15, 7, 8, 10
2018/1/16, 11, 3, 24, 6, 6, 2
2018/1/17, 14, 6, 24, 6, 3, 2
2018/1/18, 15, 6, 17, 8, 1, 3
2018/1/19, 17, 3, 24, 8, 1, 2
2018/1/20, 11, 7, 20, 19, 1, 3
2018/1/21, 28, 5, 17, 17, 1, 2
2018/1/22, 23, 12, 25, 6, 1, 3
2018/1/23, 25, 6, 24, 3, 1, 3
2018/1/24, 13, 6, 26, 1, 2, 3
2018/1/25, 15, 11, 11, 18, 10, 2
2018/1/26, 39, 10, 18, 18, 5, 2
2018/1/27, 54, 13, 28, 3, 1, 1
2018/1/31, 16, 5, 30, 8, 4, 2
2018/2/1, 15, 7, 21, 12, 4, 2
2018/2/2, 16, 10, 22, 14, 4, 2
2018/2/3, 21, 8, 15, 14, 4, 2
2018/2/4, 28, 12, 12, 18, 4, 2
2018/2/5, 35, 8, 20, 9, 4, 1
2018/2/6, 20, 9, 25, 15, 6, 1
2018/2/7, 22, 8, 25, 12, 6, 1
2018/2/8, 16, 9, 26, 4, 7, 1
2018/2/9, 24, 10, 25, 12, 7, 1
2018/2/10, 17, 9, 31, 5, 7, 1
2018/2/11, 21, 5, 24, 11, 8, 1
2018/2/12, 13, 4, 28, 5, 7, 1
2018/2/13, 9, 7, 29, 7, 6, 2
2018/2/14, 12, 6, 26, 3, 3, 4
2018/2/15, 15, 7, 31, 3, 2, 4
2018/2/16, 15, 8, 28, 2, , 3
2018/2/17, 15, 5, 28, 5, , 2
2018/2/18, 12, 10, 15, 18, 1, 3
2018/2/19, 31, 13, 12, 22, 4, 4
2018/2/20, 40, 7, 19, 14, 3, 2
2018/2/21, 15, 22, 15, 15, 3, 5
2018/2/22, 41, , , , , 
2018/2/23, 36, 15, 22, 10, 3, 3
2018/2/24, 52, 17, 28, 6, 3, 3
2018/2/25, 44, 18, 27, 4, 3, 3
2018/2/26, 37, 10, 29, 6, 2, 3
2018/2/27, 17, 7, 33, 3, 3, 3
2018/2/28, 11, 6, 31, 2, 3, 3
2018/3/1, 10, 10, 34, , 5, 4
2018/3/2, 17, , , , , 
2018/3/4, 16, 26, 27, 4, 7, 7
2018/3/5, 71, 20, 18, 7, 11, 8
2018/3/6, 62, , , , , 
2018/3/8, 23, 9, 26, 12, 4, 6
2018/3/9, 21, 11, 31, 9, 3, 5
2018/3/10, 19, 10, 20, 6, 3, 
2018/3/11, 32, , , , , 
2018/3/13, 9, 12, 17, 15, 3, 1
2018/3/14, 31, 13, 26, 7, 4, 1
2018/3/15, 33, 16, 20, 5, 8, 1
2018/3/16, 45, 6, 29, 2, 5, 1
2018/3/17, 19, 14, 35, 1, 3, 
2018/3/18, 25, 13, 37, 1, 2, 
2018/3/19, 22, 15, 36, 7, 2, 1
2018/3/20, 22, 15, 23, 16, 3, 1
2018/3/21, 38, 10, 29, 5, 2, 1
2018/3/22, 21, 10, 35, 3, 4, 1
2018/3/23, 19, 5, 34, 6, 7, 1
2018/3/24, 12, 9, 29, 10, 6, 1
2018/3/25, 13, 9, 28, 11, 4, 1
2018/3/26, 16, 7, 31, 8, 5, 1
2018/3/27, 20, 9, 31, 10, , 1
2018/3/28, 19, 11, 31, 8, , 1
2018/3/29, 23, 9, 34, 1, , 1
2018/3/30, 19, 14, 36, 1, 1, 1
2018/3/31, 33, 9, 38, 2, 1, 1
2017/10/1, 13, 9, 21, 5, 6, 6
2017/10/2, 16, 9, 22, 5, 5, 6
2017/10/3, 15, 6, 23, 7, 1, 7
2017/10/4, 13, 5, 20, 8, 1, 6
2017/10/5, 11, 7, 18, 8, , 5
2017/10/6, 15, 3, 19, 4, 1, 5
2017/10/7, 10, 4, 18, 3, 1, 6
2017/10/8, 10, 5, 19, 4, 1, 6
2017/10/9, 12, 6, 21, 4, 2, 7
2017/10/10, 11, 5, 23, 6, 2, 8
2017/10/11, 13, 7, 22, 2, 2, 7
2017/10/12, 12, 5, 20, 4, 2, 7
2017/10/13, 10, 11, 20, 4, 1, 7
2017/10/14, 16, 9, 24, 3, 2, 7
2017/10/15, 24, 11, 23, 5, 2, 8
2017/10/16, 25, 4, 24, 5, 2, 8
2017/10/17, 10, 8, 23, 4, 2, 7
2017/10/18, 14, 16, 13, 8, 3, 9
2017/10/19, 44, 10, 16, 11, 4, 10
2017/10/20, 33, 7, 18, 7, 5, 10
2017/10/21, 16, 5, 19, 7, 4, 10
2017/10/22, 14, 7, 19, 6, 4, 9
2017/10/23, 14, 6, 22, 5, 4, 10
2017/10/24, 13, 7, 23, 3, 4, 10
2017/10/25, 14, 13, 11, 15, 1, 7
2017/10/26, 25, 7, 17, 9, , 5
2017/10/27, 20, 3, 21, 2, 1, 6
2017/10/28, 10, 11, 22, 10, 1, 6
2017/10/30, 24, 12, 14, 12, 1, 7
2017/10/31, 26, 5, 13, 2, 2, 6
2017/11/1, 15, 4, 16, 4, 2, 6
2017/11/2, 14, 10, 17, 15, 2, 6
2017/11/3, 17, 5, 22, 5, 3, 4
2017/11/4, 13, 5, 22, 5, 4, 4
2017/11/5, 14, 13, 17, 13, 3, 6
2017/11/6, 36, 11, 24, 9, 4, 5
2017/11/7, 27, 8, 26, 13, 4, 5
2017/11/8, 15, 6, 21, 10, 4, 5
2017/11/9, 20, 12, 24, 8, 4, 5
2017/11/10, 20, 9, 22, 12, 5, 6
2017/11/11, 17, 9, 17, 16, 5, 6
2017/11/12, 22, 6, 18, 11, 5, 6
2017/11/13, 15, 8, 18, 10, 5, 6
2017/11/14, 15, 6, 17, 13, 5, 6
2017/11/15, 15, 13, 18, 17, 5, 7
2017/11/16, 29, 9, 22, 9, 6, 6
2017/11/17, 14, 7, 23, 6, 6, 6
2017/11/18, 14, 9, 21, 15, 6, 6
2017/11/19, 19, 9, 13, 16, 7, 7
2017/11/20, 23, 8, 13, 17, 9, 7
2017/11/21, 28, 8, 8, 16, 6, 8
2017/11/22, 32, , , , , 
2017/11/24, 20, 3, 17, 7, , 3
2017/11/25, 10, 5, 17, 11, , 3
2017/11/26, 13, 5, 18, 9, , 3
2017/11/27, 12, 7, 19, 14, 1, 4
2017/11/28, 15, 5, 16, 12, , 4
2017/11/29, 13, 7, 22, 13, , 3
2017/11/30, 15, 8, 22, 14, , 3
2017/12/1, 15, 12, 16, 21, 1, 4
2017/12/2, 25, 5, 15, 13, 1, 4
2017/12/3, 16, 12, 15, 15, 1, 4
2017/12/4, 24, 5, 18, 11, 1, 4
2017/12/5, 14, 3, 22, 3, 1, 3
2017/12/6, 9, 4, 22, 1, 3, 4
2017/12/7, 10, 8, 24, 9, 4, 5
2017/12/8, 12, 8, 16, 15, 3, 4
2017/12/9, 15, 7, 14, 16, 3, 4
2017/12/10, 21, 10, 9, 23, 6, 5
2017/12/11, 36, 10, 7, 25, 7, 6
2017/12/12, 34, 8, 16, 16, 4, 6
2017/12/13, 21, 6, 23, 8, 4, 6
2017/12/14, 14, 7, 24, 15, 5, 6
2017/12/15, 24, 8, 11, 20, 4, 6
2017/12/16, 24, 7, 11, 20, 3, 5
2017/12/17, 26, 7, 18, 14, 3, 4
2017/12/18, 25, 12, 15, 18, 3, 4
2017/12/19, 27, 4, 16, 7, 3, 4
2017/12/20, 12, 5, 17, 9, 2, 4
2017/12/21, 15, 14, 17, 20, 3, 7
2017/12/22, 43, 8, 13, 11, 2, 7
2017/12/23, 31, 4, 20, 1, 3, 5
2017/12/24, 12, 4, 21, 1, 4, 6
2017/12/25, 10, , , , , 
2017/12/28, 26, 7, 15, 17, 6, 8
2017/12/29, 19, 8, 16, 13, 7, 9
2017/12/30, 29, 9, 24, 11, 8, 10
2017/12/31, 25, , , , , 
2017/7/1, 26, 8, 22, 3, 1, 6
2017/7/2, 25, 8, 19, 5, 2, 6
2017/7/3, 24, 8, 21, 5, 2, 6
2017/7/4, 24, 8, 21, 3, 2, 6
2017/7/5, 26, 10, 15, 9, 2, 7
2017/7/6, 34, 7, 16, 6, 2, 7
2017/7/7, 25, 6, 27, 4, 2, 6
2017/7/8, 22, 6, 22, 3, 2, 7
2017/7/9, 24, 5, 20, 4, 3, 7
2017/7/10, 19, 7, 22, 4, 3, 7
2017/7/11, 24, 9, 25, 7, 3, 6
2017/7/12, 31, 8, 24, 7, 3, 6
2017/7/13, 27, 6, 18, 5, 3, 5
2017/7/14, 22, 4, 18, 2, 3, 7
2017/7/15, 22, 9, 21, 2, 2, 5
2017/7/16, 23, 18, 18, 4, 2, 6
2017/7/17, 37, 16, 28, 5, 3, 6
2017/7/18, 47, 19, 22, 3, 4, 7
2017/7/19, 47, 9, 18, 5, 5, 7
2017/7/20, 25, 12, 23, 4, 5, 7
2017/7/21, 31, 18, 26, 3, 4, 8
2017/7/22, 39, 11, 27, 7, 5, 8
2017/7/23, 42, 11, 25, 6, 5, 7
2017/7/24, 36, 9, 18, 6, 5, 8
2017/7/25, 33, 11, 22, 5, 7, 8
2017/7/26, 39, 8, 17, 3, 7, 8
2017/7/27, 26, , 18, 3, 7, 8
2017/8/1, 27, 7, 19, 6, 9, 9
2017/8/2, 29, 8, 21, 6, 9, 9
2017/8/3, 25, 7, 19, 9, 9, 9
2017/8/4, 24, 8, 20, 7, 9, 9
2017/8/5, 26, 6, 20, 4, 9, 9
2017/8/6, 19, 5, 16, 2, 9, 8
2017/8/7, 18, 8, 18, 3, 10, 3
2017/8/8, 22, 6, 16, 10, 10, 4
2017/8/9, 21, 10, 17, 5, 10, 3
2017/8/10, 30, 5, 16, 2, 5, 3
2017/8/11, 21, 6, 16, 5, 1, 3
2017/8/12, 26, 6, 15, 4, 1, 3
2017/8/13, 22, 4, 14, 3, 2, 3
2017/8/14, 18, 4, 14, 3, 3, 3
2017/8/15, 14, 6, 13, 2, 3, 4
2017/8/16, 13, 8, 14, 2, 4, 4
2017/8/17, 19, 6, 13, 3, 4, 4
2017/8/18, 14, 9, 16, 3, 4, 4
2017/8/19, 20, 6, 13, 5, 4, 3
2017/8/20, 18, 11, 16, 8, 4, 4
2017/8/21, 28, 21, 19, 8, 4, 4
2017/8/22, 50, 13, 14, 5, 1, 4
2017/8/23, 36, 5, 17, 3, , 4
2017/8/24, 14, 4, 16, 3, 1, 4
2017/8/25, 10, 5, 15, 4, 1, 4
2017/8/26, 15, 3, 16, 1, 1, 4
2017/8/27, 11, 4, 16, 2, 2, 5
2017/8/28, 13, 10, 18, 3, 2, 5
2017/8/29, 19, 8, 18, 5, 3, 5
2017/8/30, 17, 7, 15, 7, 3, 5
2017/8/31, 18, 8, 17, 6, 2, 5
2017/9/1, 22, 6, 18, 3, 2, 4
2017/9/2, 16, 8, 19, 2, 3, 5
2017/9/3, 23, 5, 13, 3, 4, 6
2017/9/4, 15, 8, 17, 4, 4, 6
2017/9/5, 16, , , , , 
2017/9/11, 10, 6, 17, 6, 8, 6
2017/9/12, 11, 5, 14, 12, 8, 7
2017/9/13, 12, 4, 14, 9, 8, 7
2017/9/14, 12, 6, 15, 10, 7, 7
2017/9/15, 12, 5, 13, 9, 7, 7
2017/9/16, 14, 9, 20, 6, 7, 7
2017/9/17, 17, 7, 17, 10, 7, 7
2017/9/18, 16, 8, 17, 11, 8, 7
2017/9/19, 18, 5, 16, 7, 10, 7
2017/9/20, 17, 4, 17, 9, , 7
2017/9/21, 11, 5, 15, 6, 1, 8
2017/9/22, 11, 5, 15, 6, 2, 8
2017/9/23, 14, 10, 15, 9, 2, 8
2017/9/24, 28, 24, 13, 12, 3, 10
2017/9/25, 68, 22, 19, 9, 3, 9
2017/9/26, 66, 20, 21, 5, 4, 9
2017/9/27, 60, 4, 20, 6, 5, 8
2017/9/28, 10, 10, 22, 2, 2, 6
2017/9/29, 20, 9, 19, 7, 3, 6
2017/9/30, 19, 6, 20, 5, 6, 7
2017/4/1, 29, 6, 34, 7, 1, 2
2017/4/2, 21, 6, 34, 4, 2, 2
2017/4/3, 21, 11, 32, 9, 1, 3
2017/4/4, 24, 13, 33, 9, 1, 3
2017/4/5, 27, 5, 28, 10, 1, 3
2017/4/6, 17, 5, 28, 11, 1, 2
2017/4/7, 21, 15, 33, 4, 1, 
2017/4/8, 49, 19, 35, 11, 1, 1
2017/4/9, 55, 7, 28, 5, 1, 
2017/4/10, 19, 14, 33, 6, 1, 
2017/4/11, 25, 6, 34, 7, 2, 
2017/4/12, 20, 8, 29, 9, 2, 1
2017/4/13, 21, 5, 30, 8, 2, 1
2017/4/14, 23, 7, 33, 7, 2, 1
2017/4/15, 21, 8, 34, 5, 1, 1
2017/4/16, 21, 8, 33, 6, 1, 2
2017/4/17, 21, 10, 31, 13, 1, 2
2017/4/18, 24, 8, 29, 9, 1, 1
2017/4/19, 26, 8, 26, 7, 1, 1
2017/4/20, 24, 7, 28, 7, 1, 
2017/4/21, 27, 7, 30, 8, 1, 1
2017/4/22, 22, 6, 33, 6, 1, 1
2017/4/23, 20, 6, 28, 8, 2, 1
2017/4/24, 16, 7, 27, 8, 2, 2
2017/4/25, 16, 8, 29, 10, 2, 2
2017/4/26, 19, 7, 28, 10, 2, 2
2017/4/27, 19, 8, 29, 11, 2, 2
2017/4/28, 23, 8, 32, 6, 2, 2
2017/4/29, 32, 24, 41, 4, 3, 3
2017/4/30, 65, 36, 38, 4, 3, 2
2017/5/1, 64, 33, 39, 5, 2, 2
2017/5/2, 67, 19, 42, 4, 2, 3
2017/5/3, 49, 22, 39, 3, 1, 2
2017/5/4, 48, 17, 47, 3, 4, 2
2017/5/5, 42, 16, 40, 3, 1, 2
2017/5/6, 44, 14, 35, 4, 1, 2
2017/5/7, 43, 18, 38, 4, 1, 2
2017/5/8, 31, 18, 33, 7, 2, 2
2017/5/9, 38, 15, 32, 9, 3, 3
2017/5/10, 46, 19, 38, 9, 4, 3
2017/5/11, 53, 28, 37, 5, 4, 3
2017/5/12, 65, 12, 30, 4, 4, 2
2017/5/13, 48, 8, 31, 3, 4, 3
2017/5/14, 25, 6, 27, 4, 4, 2
2017/5/15, 24, 4, 27, 4, 4, 2
2017/5/16, 17, 9, 29, 7, 4, 2
2017/5/17, 29, 12, 28, 8, 4, 1
2017/5/18, 30, 11, 32, 9, 5, 2
2017/5/19, 35, 5, 29, 6, 5, 3
2017/5/20, 23, 5, 27, 3, 4, 2
2017/5/21, 22, 10, 28, 7, 5, 3
2017/5/22, 37, 10, 26, 7, 5, 3
2017/5/23, 28, 7, 20, 7, 5, 2
2017/5/24, 27, 17, 28, 10, 5, 3
2017/5/25, 55, 21, 34, 12, 6, 3
2017/5/26, 56, 26, 31, 7, 6, 3
2017/5/27, 61, 12, 29, 4, 6, 3
2017/5/28, 34, 12, 23, 3, 7, 3
2017/5/29, 32, 10, 27, 6, 8, 3
2017/5/30, 30, 13, 28, 6, 8, 3
2017/5/31, 30, 9, 26, 4, 5, 4
2017/6/1, 28, 9, 26, 7, 3, 4
2017/6/2, 27, 13, 28, 9, 4, 5
2017/6/3, 38, 6, 28, 3, 4, 6
2017/6/4, 15, 8, 24, 6, 5, 6
2017/6/5, 25, 6, 27, 11, 6, 8
2017/6/6, 24, 8, 27, 7, 6, 6
2017/6/7, 23, 7, 21, 6, 6, 8
2017/6/8, 25, 7, 25, 4, 6, 7
2017/6/9, 25, 7, 25, 3, 6, 7
2017/6/10, 25, 9, 25, 1, 6, 7
2017/6/11, 32, 7, 25, 4, 6, 8
2017/6/12, 25, 7, 22, 4, 6, 8
2017/6/13, 25, 10, 24, 4, 6, 8
2017/6/14, 32, 9, 29, 3, 7, 8
2017/6/15, 29, 8, 22, 5, 7, 8
2017/6/16, 28, 10, 15, 4, 4, 8
2017/6/17, 32, 8, 20, 3, 4, 8
2017/6/18, 27, 8, 22, 6, 4, 8
2017/6/19, 31, 4, 24, 5, 4, 7
2017/6/20, 28, 10, 22, 6, 5, 8
2017/6/21, 39, 9, 22, 7, 5, 9
2017/6/22, 41, 6, 25, 5, 4, 9
2017/6/23, 26, 10, 26, 3, 5, 9
2017/6/24, 25, 8, 23, 4, 5, 9
2017/6/25, 20, 8, 21, 6, 5, 9
2017/6/26, 22, 6, 19, 4, 3, 8
2017/6/27, 24, 11, 29, 3, 1, 5
2017/6/28, 26, 8, 26, 8, 2, 7
2017/6/29, 26, 6, 22, 9, 2, 6
2017/6/30, 23, 8, 22, 4, 1, 6
2017/1/3, 20, 6, 25, 7, 3, 4
2017/1/4, 10, 15, 20, 15, 2, 4
2017/1/5, 21, 17, 17, 20, 3, 5
2017/1/6, 32, 9, 20, 9, 2, 3
2017/1/7, 24, 8, 19, 12, 2, 3
2017/1/8, 22, 8, 24, 5, 2, 2
2017/1/9, 17, 9, 25, 3, 1, 2
2017/1/10, 18, 20, 26, 9, , 
2017/1/11, 34, 14, 28, 8, , 
2017/1/12, 22, 11, 25, 11, , 
2017/1/13, 18, 19, 25, 13, , 
2017/1/14, 16, 13, 18, 18, , 
2017/1/15, 23, 10, 24, 13, , 
2017/1/16, 17, 9, 18, 15, , 1
2017/1/17, 26, 5, 19, 10, 1, 2
2017/1/18, 22, , 21, 6, 2, 3
2017/1/19, 24, 12, 20, 12, 2, 3
2017/1/20, 34, 10, 16, 6, 2, 2
2017/1/21, 37, 16, 8, 13, 2, 4
2017/1/22, 60, 21, 7, 14, 2, 3
2017/1/23, 72, 24, 16, 14, 2, 3
2017/1/24, 72, 6, 29, 5, 2, 3
2017/1/25, 23, 12, 29, 4, 2, 3
2017/1/26, 33, 29, 16, 16, 4, 3
2017/1/27, 89, 29, 13, 18, 3, 3
2017/1/28, 84, 21, 15, 15, 3, 4
2017/1/29, 71, 6, 24, 12, 3, 3
2017/1/30, 23, 9, 20, 14, 3, 3
2017/1/31, 33, 6, 20, 11, 3, 3
2017/2/1, 34, 8, 17, 16, 3, 3
2017/2/2, 34, 8, 26, 7, 3, 3
2017/2/3, 25, 10, 29, 6, 2, 2
2017/2/4, 26, 8, 26, 6, 1, 2
2017/2/5, 25, 12, 17, 12, 1, 2
2017/2/6, 46, 8, 19, 12, 1, 2
2017/2/7, 33, 6, 16, 17, 1, 3
2017/2/8, 25, , 17, 13, 1, 2
2017/2/11, 31, , 27, 5, 1, 2
2017/2/12, 23, , 32, 2, 1, 1
2017/2/13, 33, 33, 28, 4, 2, 2
2017/2/14, 73, , 27, 10, 2, 3
2017/2/15, 97, 20, 18, 17, 2, 4
2017/2/16, 86, 10, 25, 6, 2, 2
2017/2/17, 27, 10, 20, 18, 3, 3
2017/2/18, 34, 7, 26, 4, 2, 2
2017/2/19, 29, 4, 29, 5, 2, 2
2017/2/20, 14, 6, 25, 8, 3, 2
2017/2/21, 16, 11, 28, 6, 3, 2
2017/2/22, 20, 12, 29, 11, 3, 2
2017/2/23, 19, 8, 27, 3, 3, 2
2017/2/24, 15, , , , , 
2017/2/25, 18, , , , , 
2017/2/28, 16, , , , , 
2017/3/2, 17, 3, 17, 12, 4, 
2017/3/3, 11, 9, 26, 5, 5, 
2017/3/4, 42, , 28, 3, 5, 
2017/3/5, 16, , , , , 
2017/3/10, 12, 9, 13, 15, , 
2017/3/11, 25, 6, 21, 9, , 
2017/3/12, 25, 6, 20, 10, , 
2017/3/13, 26, 13, 24, 5, , 1
2017/3/14, 35, 20, 23, 10, , 
2017/3/15, 42, 16, 24, 6, , 1
2017/3/16, 39, 7, 25, 6, 1, 1
2017/3/17, 25, 3, 29, 6, 1, 1
2017/3/18, 16, 5, 24, 10, 2, 1
2017/3/19, 22, 5, 29, 6, 2, 1
2017/3/20, 17, 8, 30, 6, 2, 1
2017/3/21, 21, 4, 30, 5, 2, 1
2017/3/22, 16, 8, 32, 8, 1, 2
2017/3/23, 24, 13, 32, 4, , 1
2017/3/24, 24, 15, 24, 18, 1, 2
2017/3/25, 41, 13, 25, 20, 1, 2
2017/3/26, 64, 13, 33, 12, 1, 2
2017/3/27, 43, 24, 27, 8, 1, 2
2017/3/28, 74, 35, 25, 12, 2, 2
2017/3/29, 100, 3, 30, 5, 2, 2
2017/3/30, 17, 6, 35, 6, 2, 2
2017/3/31, 24, 8, 34, 9, 2, 3
2016/10/1, 21, 7, 15, 10, 5, 1
2016/10/2, 26, 6, 14, 10, 4, 1
2016/10/3, 21, 11, 17, 7, 4, 1
2016/10/4, 30, 11, 23, 3, 3, 2
2016/10/5, 20, 13, 23, 2, 2, 2
2016/10/6, 22, 13, 21, 6, , 2
2016/10/7, 24, 11, 20, 4, , 3
2016/10/8, 21, 10, 15, 12, 1, 4
2016/10/9, 30, 10, 12, 11, , 4
2016/10/10, 32, 7, 23, 3, 1, 3
2016/10/11, 15, 9, 24, 4, , 3
2016/10/12, 18, 7, 21, 5, 1, 4
2016/10/13, 16, 11, 18, 5, 1, 4
2016/10/14, 31, 13, 19, 6, 1, 5
2016/10/15, 43, 13, 11, 8, 1, 4
2016/10/16, 49, 4, 21, 4, 1, 4
2016/10/17, 12, 5, 24, 12, 1, 4
2016/10/18, 17, 8, 12, 19, 2, 4
2016/10/19, 24, 10, 12, 20, 3, 5
2016/10/20, 34, 13, 12, 17, 2, 5
2016/10/21, 36, 9, 19, 11, 2, 5
2016/10/22, 32, 6, 23, 3, 1, 4
2016/10/23, 16, 7, 12, 11, 2, 5
2016/10/24, 18, 9, 15, 10, 2, 5
2016/10/25, 29, 10, 19, 6, 2, 5
2016/10/26, 32, 4, 23, 4, 2, 4
2016/10/27, 16, 15, 22, 13, 2, 4
2016/10/28, 27, 9, 14, 13, 2, 5
2016/10/29, 29, 8, 20, 8, 2, 5
2016/10/31, 25, 12, 19, 12, 3, 5
2016/11/1, 47, 7, 18, 17, 2, 4
2016/11/2, 20, 8, 15, 14, , 3
2016/11/3, 21, 6, 20, 7, , 3
2016/11/4, 16, 9, 23, 13, , 3
2016/11/5, 19, 8, 19, 10, , 2
2016/11/6, 22, 5, 18, 7, , 2
2016/11/7, 12, 7, 15, 16, , 3
2016/11/8, 16, 9, 15, 15, 1, 3
2016/11/9, 23, 6, 24, 10, , 4
2016/11/10, 23, 8, 15, 20, 1, 4
2016/11/11, 23, 8, 17, 16, 1, 4
2016/11/12, 26, 7, 19, 12, 1, 5
2016/11/13, 21, 7, 21, 8, 1, 4
2016/11/14, 17, 4, 22, 6, 1, 4
2016/11/15, 14, 12, 22, 6, 1, 4
2016/11/16, 27, 8, 24, 8, 1, 4
2016/11/17, 19, 4, 26, 12, 1, 5
2016/11/18, 13, 5, 19, 17, 1, 5
2016/11/19, 16, 7, 22, 15, 1, 5
2016/11/20, 21, 12, 13, 22, 2, 5
2016/11/21, 47, 14, 21, 17, 2, 5
2016/11/22, 45, 7, 29, 16, 2, 5
2016/11/23, 16, 19, 5, 32, 5, 7
2016/11/24, 49, 27, 2, 34, 8, 8
2016/11/25, 69, 14, 9, 25, 3, 6
2016/11/26, 41, 15, 5, 24, 3, 6
2016/11/27, 41, 15, 20, 18, 2, 5
2016/11/28, 29, 18, 18, 23, 3, 6
2016/11/29, 35, 16, 16, 12, 2, 5
2016/11/30, 31, 13, 23, 9, 1, 4
2016/12/1, 22, 14, 20, 15, 1, 4
2016/12/2, 23, 20, 13, 22, 2, 6
2016/12/3, 42, 18, 5, 20, 2, 6
2016/12/4, 43, 17, 20, 10, 1, 4
2016/12/5, 35, 23, 11, 22, 2, 6
2016/12/6, 53, 21, 6, 24, 2, 7
2016/12/7, 65, 6, 20, 3, 1, 4
2016/12/8, 18, 18, 24, 10, 1, 5
2016/12/9, 34, 9, 23, 7, 1, 5
2016/12/10, 22, 14, 24, 4, 1, 4
2016/12/11, 30, 10, 25, 7, 1, 5
2016/12/12, 19, 11, 19, 17, 2, 6
2016/12/13, 29, 14, 11, 12, 2, 6
2016/12/14, 46, 10, 18, 12, 2, 4
2016/12/15, 34, 20, 9, 13, 2, 4
2016/12/16, 63, 13, 17, 13, 2, 3
2016/12/17, 41, 11, 22, 6, 2, 2
2016/12/18, 21, 10, 20, 9, 2, 3
2016/12/19, 26, 13, 17, 17, 2, 3
2016/12/20, 29, 11, 17, 13, 2, 4
2016/12/21, 30, 9, 26, 5, 2, 3
2016/12/22, 20, 8, 27, 7, 2, 3
2016/12/23, 14, 10, 30, 3, 2, 3
2016/12/24, 18, 7, 29, 4, 2, 3
2016/12/25, 17, 6, 27, 1, 2, 3
2016/12/26, 14, 9, 30, 5, 2, 3
2016/12/27, 20, 14, 25, 5, 3, 3
2016/12/28, 25, 11, 25, 5, 3, 3
2016/12/29, 28, 15, 23, 4, 3, 4
2016/12/30, 37, 38, 25, 2, 3, 3
2016/12/31, 59, 12, 26, 5, 3, 4
2017/1/1, 27, 11, 22, 9, 3, 4
2017/1/2, 19, 11, 17, 13, 3, 4
2016/7/1, 11, 8, 17, 4, 4, 
2016/7/2, 18, 8, 19, 3, 4, 
2016/7/3, 18, 10, 17, 7, 4, 
2016/7/4, 15, 11, 16, 10, 3, 1
2016/7/5, 25, 11, 15, 3, , 
2016/7/6, 19, 11, 19, 3, 2, 
2016/7/7, 19, 11, 18, 6, 5, 
2016/7/8, 25, 8, 15, 2, 5, 
2016/7/9, 17, 10, 19, 1, 5, 7
2016/7/10, 23, 10, 13, 5, 5, 1
2016/7/11, 18, 11, 15, 8, 6, 
2016/7/12, 16, 11, 15, 9, 6, 
2016/7/13, 18, 10, 14, 10, 6, 
2016/7/14, 19, , 15, 3, 6, 
2016/7/17, 24, 11, 11, 4, 7, 
2016/7/18, 23, 19, 15, 7, 7, 
2016/7/19, 44, 13, 27, 10, 7, 
2016/7/20, 32, 12, 14, 4, 7, 
2016/7/21, 29, , 16, 2, 7, 
2016/7/24, 15, 10, 14, 4, 8, 1
2016/7/25, 16, 15, 15, 4, 8, 18
2016/7/26, 35, 14, 15, 7, 8, 
2016/7/27, 9, 11, 16, 6, 8, 1
2016/7/28, 25, 11, 18, 9, 9, 
2016/7/29, 22, 9, 15, 5, 8, 
2016/7/30, 17, 11, 17, 5, 9, 
2016/7/31, 17, 10, 17, 7, 9, 
2016/8/1, 21, 15, 17, 5, 9, 
2016/8/2, 31, 10, 14, 2, 6, 1
2016/8/3, 12, 10, 13, 7, , 3
2016/8/4, 17, 12, 18, 5, , 
2016/8/5, 25, 10, 14, 2, 1, 
2016/8/6, 19, 9, 16, 2, 1, 
2016/8/7, 16, 17, 16, 7, 1, 
2016/8/8, 23, 21, 12, 11, 2, 
2016/8/9, 26, , 15, 5, 4, 
2016/8/12, 28, 7, 14, 6, 5, 
2016/8/13, 24, 6, 12, 4, 5, 
2016/8/14, 11, 9, 14, 11, 7, 
2016/8/15, 37, 18, 24, 9, 7, 
2016/8/16, 54, 19, 18, 8, 6, 
2016/8/17, 45, 21, 20, 6, 6, 
2016/8/18, 49, 14, 19, 7, 6, 
2016/8/19, 35, 13, 13, 10, 6, 
2016/8/20, 30, 10, 22, 8, 6, 
2016/8/21, 25, 11, 14, 9, 7, 
2016/8/22, 27, 9, 11, 11, 7, 
2016/8/23, 39, 3, 14, 12, 7, 
2016/8/24, 31, , 16, 5, 6, 1
2016/8/25, 26, , 18, 7, 7, 1
2016/8/26, 27, , 19, 7, 7, 
2016/8/27, 28, , 26, 8, 7, 1
2016/8/28, 29, , 19, 6, 7, 
2016/8/29, 22, , 20, 2, 7, 
2016/8/30, 26, , 17, 6, 7, 1
2016/8/31, 28, , 19, 2, , 5
2016/9/1, 21, , 16, 4, , 4
2016/9/2, 16, , 17, 3, , 
2016/9/3, 23, , 19, 5, 1, 
2016/9/4, 22, , 14, 4, 1, 
2016/9/5, 19, 8, 8, 6, 1, 
2016/9/6, 20, 6, 9, 7, 1, 
2016/9/7, 22, 17, 15, 7, 1, 
2016/9/8, 27, 7, 18, 2, 1, 3
2016/9/9, 17, 15, 18, 3, , 3
2016/9/10, 23, 9, 21, 1, , 3
2016/9/11, 16, 8, 19, 3, , 3
2016/9/12, 18, 9, 11, 15, 1, 3
2016/9/13, 15, 7, 21, 3, , 3
2016/9/14, 18, 16, 20, 11, 1, 4
2016/9/15, 44, 9, 14, 10, 1, 3
2016/9/16, 27, 6, 10, 8, 1, 3
2016/9/17, 14, 8, 14, 7, 1, 3
2016/9/18, 23, 8, 12, 10, 1, 3
2016/9/19, 20, 8, 17, 9, 1, 3
2016/9/20, 20, 11, 9, 11, 1, 3
2016/9/21, 38, 7, 21, 6, 1, 3
2016/9/22, 15, 7, 23, 2, 1, 2
2016/9/23, 14, 6, 24, 1, 1, 3
2016/9/24, 19, 5, 23, 2, 1, 3
2016/9/25, 14, 6, 14, 9, 1, 3
2016/9/26, 19, 14, 19, 4, 1, 3
2016/9/27, 31, 11, 15, 3, 1, 3
2016/9/28, 28, 7, 21, 3, 2, 2
2016/9/29, 17, 5, 17, 4, 2, 3
2016/9/30, 15, 7, 15, 9, 4, 1
2016/4/1, 14, 9, 21, 9, 6, 3
2016/4/2, 22, 17, 22, 11, 7, 3
2016/4/3, 53, 16, 19, 14, 7, 4
2016/4/4, 45, 7, 20, 16, 7, 4
2016/4/5, 17, 8, 24, 11, 7, 3
2016/4/6, 13, 7, 18, 17, 8, 4
2016/4/7, 11, , , , , 
2016/4/19, 30, 15, 26, 12, 11, 5
2016/4/20, 27, 18, 27, 14, 11, 5
2016/4/21, 36, 15, 25, 6, 10, 5
2016/4/22, 19, 11, 24, 11, 11, 5
2016/4/23, 16, 8, 26, 11, 11, 5
2016/4/24, 14, 13, 25, 12, 5, 2
2016/4/25, 18, 8, 25, 13, , 1
2016/4/26, 14, 8, 18, 11, , 1
2016/4/27, 10, 7, 20, 10, , 1
2016/4/28, 12, 8, 23, 16, , 2
2016/4/29, 15, 8, 24, 12, 1, 2
2016/4/30, 15, 7, 26, 4, , 1
2016/5/1, 13, 9, 26, 8, 1, 2
2016/5/2, 14, 12, 26, 9, 1, 2
2016/5/3, 17, 16, 25, 5, 1, 2
2016/5/4, 28, 13, 26, 4, 1, 3
2016/5/5, 25, 20, 29, 10, 1, 5
2016/5/6, 44, 29, 36, 2, 1, 5
2016/5/7, 59, 32, 36, 3, 1, 6
2016/5/8, 75, 36, 38, 5, 1, 6
2016/5/9, 68, 35, 41, 4, 2, 4
2016/5/10, 63, 33, 42, 2, 2, 2
2016/5/11, 60, 23, 33, 3, 2, 2
2016/5/12, 46, 17, 33, 3, 2, 2
2016/5/13, 25, 14, 31, 6, 2, 2
2016/5/14, 27, 14, 29, 5, 2, 2
2016/5/15, 29, 14, 31, 8, 3, 3
2016/5/16, 25, 15, 30, 5, 3, 3
2016/5/17, 33, 10, 24, 6, 3, 4
2016/5/18, 20, 10, 23, 5, 3, 4
2016/5/19, 23, 11, 25, 4, 3, 5
2016/5/20, 19, 6, 27, 3, 3, 5
2016/5/21, 9, 10, 23, 6, 3, 6
2016/5/22, 20, 9, 26, 4, 4, 5
2016/5/23, 16, 14, 28, 2, 4, 5
2016/5/24, 23, 16, 29, 2, 4, 5
2016/5/25, 23, 17, 27, 2, 4, 6
2016/5/26, 30, 12, 24, 6, 4, 6
2016/5/27, 34, 13, 26, 4, 4, 6
2016/5/28, 36, 14, 29, 3, 4, 5
2016/5/29, 45, 12, 28, 3, 4, 4
2016/5/30, 32, 14, 26, 5, 5, 4
2016/5/31, 31, 16, 27, 2, 5, 4
2016/6/1, 28, 18, 28, 2, 5, 6
2016/6/2, 29, 14, 29, 2, 3, 3
2016/6/3, 31, 32, 29, , 1, 
2016/6/4, 52, 20, 26, , 1, 
2016/6/5, 38, 23, 26, 4, 1, 
2016/6/6, 45, 18, 18, 9, 1, 1
2016/6/7, 39, 14, 22, 3, 2, 
2016/6/8, 33, 16, 23, 4, 2, 1
2016/6/9, 33, 20, 24, 4, 2, 1
2016/6/10, 32, 13, 21, 4, 2, 1
2016/6/11, 31, 9, 22, 4, 2, 2
2016/6/12, 21, 17, 27, 4, 2, 
2016/6/13, 35, 15, 25, 7, 2, 
2016/6/14, 36, 10, 26, 6, 3, 
2016/6/15, 23, 10, 13, 13, 3, 
2016/6/16, 17, 8, 11, 12, 3, 1
2016/6/17, 17, , , , , 
2016/6/20, 24, 10, 16, 3, 2, 3
2016/6/21, 21, 15, 18, 5, 2, 2
2016/6/22, 28, 15, 19, 6, 3, 
2016/6/23, 33, 11, 14, 6, 3, 
2016/6/24, 26, 9, 24, 6, 3, 
2016/6/25, 17, 10, 14, 6, 3, 
2016/6/26, 23, 17, 19, 7, 4, 
2016/6/27, 18, 12, 17, 5, 3, 
2016/6/28, 23, 9, 17, 5, 4, 
2016/6/29, 19, 10, 16, 3, 4, 
2016/6/30, 16, 7, 17, 4, 4, 
2016/1/5, 17, 13, 11, 5, 7, 
2016/1/6, 37, 7, 17, 5, 7, 
2016/1/7, 22, 7, 17, 12, 7, 7
2016/1/8, 17, 11, 13, 18, 6, 
2016/1/9, 26, 9, 13, 12, 3, 
2016/1/10, 31, 4, 21, 4, 3, 
2016/1/11, 10, 6, 22, 14, 3, 1
2016/1/12, 19, 6, 13, 19, 3, 1
2016/1/13, 19, 6, 9, 11, 3, 2
2016/1/14, 12, 7, 7, , 4, 
2016/1/15, 21, 9, 13, 32, 4, 2
2016/1/16, 25, 18, 9, 33, 7, 
2016/1/17, 48, 9, 20, 18, 5, 
2016/1/18, 30, 17, 3, 27, 5, 
2016/1/19, 59, 15, 8, 23, 4, 
2016/1/20, 48, 21, 11, 19, 4, 5
2016/1/21, 63, 17, 8, 23, 5, 6
2016/1/22, 60, 9, 22, 8, 4, 6
2016/1/23, 20, 16, 24, 7, 4, 6
2016/1/24, 32, 4, 19, 4, 5, 5
2016/1/25, 13, 9, 23, 7, 5, 4
2016/1/26, 26, 5, 27, 2, 5, 3
2016/1/27, 10, , , , , 
2016/1/30, 31, 11, 27, 8, 5, 1
2016/1/31, 23, 5, 21, 11, 6, 2
2016/2/1, 18, 12, 28, 7, 6, 2
2016/2/2, 26, 15, 27, 11, 6, 2
2016/2/3, 27, 9, 16, 21, 8, 2
2016/2/4, 23, 9, 19, 20, 6, 2
2016/2/5, 22, 4, 24, 8, 2, 2
2016/2/6, 13, 6, 23, 8, 1, 3
2016/2/7, 13, 6, 25, 3, 1, 3
2016/2/8, 13, 7, 19, 21, 2, 5
2016/2/9, 20, 3, 17, 24, 2, 
2016/2/10, 4, , 16, 24, 2, 
2016/2/12, 21, 11, 17, 15, 2, 
2016/2/13, 21, 9, 24, 6, 2, 
2016/2/14, 8, 9, 20, 14, 2, 
2016/2/15, 12, 18, 19, 25, 3, 
2016/2/16, 25, 11, 23, 6, 2, 
2016/2/17, 24, 6, 17, 25, 3, 
2016/2/18, 16, 9, 18, 12, 3, 
2016/2/19, 13, 5, 23, 7, 3, 
2016/2/20, 15, 8, 26, 9, 3, 
2016/2/21, 16, 6, 24, 12, 3, 
2016/2/22, 12, 10, 17, 23, 5, 
2016/2/23, 15, 9, 14, 22, 5, 3
2016/2/24, 14, 10, 12, 25, 6, 
2016/2/25, 15, 11, 12, 22, 7, 
2016/2/26, 17, 15, 13, 18, 6, 
2016/2/27, 27, 18, 14, 16, 2, 1
2016/2/28, 41, 19, 13, 24, 12, 1
2016/2/29, 47, 13, 20, 8, 1, 
2016/3/1, 33, 6, 22, 8, 1, 
2016/3/2, 10, 9, 20, 15, 5, 1
2016/3/3, 12, 9, 16, 17, 3, 1
2016/3/4, 16, 9, 21, 9, 2, 1
2016/3/5, 15, 7, 18, 14, 2, 1
2016/3/6, 11, 8, 18, 16, 5, 1
2016/3/7, 19, 9, 19, 19, 5, 1
2016/3/8, 13, 9, 21, 9, 3, 1
2016/3/9, 17, 8, 17, 16, 4, 1
2016/3/10, 17, 16, 7, 26, 7, 2
2016/3/11, 40, 16, 9, 19, 5, 1
2016/3/12, 50, 7, 20, 7, 4, 1
2016/3/13, 12, 12, 16, 15, 5, 1
2016/3/14, 34, 30, 8, 14, 5, 1
2016/3/15, 79, 18, 18, 9, 4, 6
2016/3/16, 51, 5, 19, 9, 5, 
2016/3/17, 15, 21, 12, 17, 8, 10
2016/3/18, 54, 8, 19, 8, 6, 9
2016/3/19, 13, 15, 27, 11, 6, 9
2016/3/20, 30, 15, 22, 11, 7, 9
2016/3/21, 45, 12, 22, 14, 6, 10
2016/3/22, 21, 9, 17, 13, 7, 10
2016/3/23, 15, 11, 18, 11, 7, 10
2016/3/24, 18, 10, 19, 17, 5, 
2016/3/25, 18, 13, 27, 5, 5, 1
2016/3/26, 22, 6, 30, 2, 5, 1
2016/3/27, 16, 7, 21, 18, 6, 2
2016/3/28, 18, 8, 21, 16, 5, 2
2016/3/29, 18, 10, 11, 22, 6, 2
2016/3/30, 27, 9, 21, 10, 6, 3
2016/3/31, 16, 5, 26, 3, 6, 3
2015/10/1, 43, 19, 20, 9, 4, 3
2015/10/2, 60, 13, 19, 10, 5, 4
2015/10/3, 51, 18, 20, 10, 4, 4
2015/10/4, 61, 21, 19, 6, 5, 3
2015/10/5, 65, 9, 8, 10, 5, 3
2015/10/6, 36, 12, 3, 12, 5, 4
2015/10/7, 42, 9, 12, 14, 5, 4
2015/10/8, 30, 11, 13, 13, 5, 4
2015/10/9, 27, 18, 10, 9, 5, 3
2015/10/10, 54, 12, 15, 7, 5, 3
2015/10/11, 36, 9, 11, 10, 6, 3
2015/10/12, 28, 8, 11, 12, 6, 3
2015/10/13, 21, 10, 8, 13, 4, 3
2015/10/14, 33, 15, 10, 18, 3, 3
2015/10/15, 42, 20, 13, 16, 6, 3
2015/10/16, 56, 22, , 18, 5, 3
2015/10/17, 66, , , , , 
2015/10/19, 32, 14, 16, 9, 3, 2
2015/10/20, 28, 3, 17, 4, 3, 1
2015/10/21, 9, 18, 22, 6, 3, 2
2015/10/22, 33, 7, 23, 3, 3, 1
2015/10/23, 14, 5, 22, 7, 3, 1
2015/10/24, 14, 6, 21, 2, 3, 1
2015/10/26, 10, 13, 14, 9, 4, 3
2015/10/27, 43, 20, 7, 8, 4, 2
2015/10/28, 68, 18, 4, 12, 5, 3
2015/10/29, 60, 11, 15, 12, 4, 2
2015/10/30, 29, 11, 7, 14, 5, 3
2015/10/31, 32, 7, 18, 6, 4, 2
2015/11/1, 21, 12, 15, 11, 5, 2
2015/11/2, 33, 17, 4, 16, 6, 3
2015/11/3, 55, 18, 4, 15, 6, 4
2015/11/4, 60, 17, 5, 11, 7, 4
2015/11/5, 60, 25, 4, 12, 9, 5
2015/11/6, 78, 12, 15, 9, 6, 2
2015/11/7, 35, 8, 17, 11, 5, 2
2015/11/8, 22, 6, 22, 3, 5, 2
2015/11/9, 10, 6, 24, 4, 5, 2
2015/11/10, 18, 3, 20, 7, 6, 1
2015/11/11, 12, 4, 19, 5, 6, 1
2015/11/12, 10, 10, 24, 3, 6, 2
2015/11/13, 13, 5, 22, 6, 6, 2
2015/11/14, 13, 7, 22, 8, 6, 2
2015/11/15, 17, 4, 19, 9, 6, 2
2015/11/16, 13, 6, 24, 4, 3, 2
2015/11/17, 14, 8, 21, 10, 1, 2
2015/11/18, 16, 5, 23, 5, 1, 1
2015/11/19, 15, 7, 19, 9, 1, 2
2015/11/20, 15, 5, 17, 13, 2, 2
2015/11/21, 13, 8, 17, 12, 2, 3
2015/11/22, 15, 6, 17, 14, 2, 3
2015/11/23, 20, 5, 19, 6, 2, 2
2015/11/24, 13, 9, 17, 12, 2, 2
2015/11/25, 20, 11, 12, 20, 2, 3
2015/11/26, 28, 4, 16, 9, 2, 1
2015/11/27, 9, 4, 19, 9, 3, 2
2015/11/28, 13, 3, 22, 4, 2, 3
2015/11/29, 7, 3, 21, 8, 2, 3
2015/11/30, 9, 6, 15, 14, 3, 3
2015/12/1, 17, 8, 15, 12, 3, 3
2015/12/2, 19, 8, 25, 11, 3, 2
2015/12/3, 22, 8, 10, 18, 3, 3
2015/12/4, 21, 7, 22, 3, 1, 1
2015/12/5, 18, 2, 26, 1, 1, 1
2015/12/6, 9, 8, 21, 8, 2, 2
2015/12/7, 16, 12, 13, 12, 2, 2
2015/12/8, 36, 11, 25, 4, 2, 2
2015/12/9, 22, 5, 24, 1, 2, 2
2015/12/10, 11, 7, 21, 5, 2, 2
2015/12/11, 15, 6, 19, 9, 2, 3
2015/12/12, 15, 10, 8, 21, 3, 3
2015/12/13, 31, 11, 7, 18, 5, 4
2015/12/14, 37, 6, 15, 12, 3, 3
2015/12/15, 21, 10, 16, 7, 3, 2
2015/12/16, 33, 11, 14, 13, 4, 3
2015/12/17, 34, 9, 21, 4, 3, 1
2015/12/18, 19, 8, 23, 2, 3, 1
2015/12/19, 19, 8, 24, 1, 3, 1
2015/12/20, 25, 5, 25, 1, 4, 2
2015/12/21, 13, 10, 23, 6, 4, 2
2015/12/22, 21, 10, 24, 3, 4, 2
2015/12/23, 20, 8, 23, 2, 4, 2
2015/12/24, 14, 4, 24, 4, 4, 2
2015/12/25, 12, 6, 23, 4, 4, 2
2015/12/26, 14, 2, 24, 2, 4, 2
2015/12/30, 21, 6, 27, 5, 6, 4
2015/12/31, 18, , , , , 
2015/7/1, 63, 19, 26, 7, 2, 
2015/7/2, 34, 15, 24, 7, 2, 
2015/7/3, 27, 13, 26, 4, 2, 
2015/7/4, 18, 15, 23, 7, 3, 
2015/7/5, 26, 12, 19, 5, 2, 
2015/7/6, 14, 11, 22, 6, 3, 
2015/7/7, 13, 11, 16, 9, 3, 
2015/7/8, 10, 11, 19, 8, 3, 
2015/7/9, 15, 13, 24, 7, 3, 
2015/7/10, 23, 12, 22, 3, 3, 
2015/7/11, 18, 9, 17, 4, 3, 
2015/7/12, 14, 12, 12, 10, 4, 
2015/7/13, 20, 15, 15, 8, 4, 
2015/7/14, 27, 10, 19, 6, 4, 
2015/7/15, 13, 13, 24, 4, 4, 
2015/7/16, 14, 12, 25, 4, 4, 
2015/7/17, 14, 12, 21, 3, 4, 
2015/7/18, 14, 10, 24, 7, 4, 
2015/7/19, 12, 11, 17, 7, 5, 
2015/7/20, 18, 13, 15, 8, 5, 
2015/7/21, 16, 12, 15, 6, 2, 
2015/7/22, 13, 11, 17, 6, , 
2015/7/23, 11, 13, 17, 6, 1, 
2015/7/24, 18, 13, 17, 4, 2, 
2015/7/25, 18, 12, 23, 4, 1, 
2015/7/26, 16, 14, 25, 5, 1, 
2015/7/27, 12, 12, 19, 9, 1, 1
2015/7/28, 14, 11, 16, 9, 2, 1
2015/7/29, 16, 8, 18, 9, 2, 2
2015/7/30, 6, , 22, 2, 1, 2
2015/8/12, 30, 24, 20, 13, 4, 4
2015/8/13, 54, 17, 14, 15, 4, 4
2015/8/14, 35, 15, 17, 6, 4, 3
2015/8/15, 24, 15, 7, 11, 4, 3
2015/8/16, 28, 16, 26, 9, 5, 3
2015/8/17, 32, 17, 10, 15, 6, 3
2015/8/18, 30, 14, 20, 6, 4, 3
2015/8/19, 18, 12, 20, 4, 4, 3
2015/8/20, 14, 14, 19, 3, 5, 2
2015/8/21, 22, 17, 15, 6, 5, 3
2015/8/22, 29, 38, 48, 5, 5, 4
2015/8/23, 69, 12, 26, 9, 5, 3
2015/8/24, 15, 6, 21, 8, 5, 3
2015/8/25, 12, 5, 23, 6, 5, 3
2015/8/26, 11, 5, 18, 4, 5, 3
2015/8/27, 12, 6, 21, 5, 5, 3
2015/8/28, 20, 6, 24, 4, 6, 3
2015/8/29, 19, 6, 24, 7, 6, 3
2015/8/30, 20, 5, 9, 11, 7, 3
2015/8/31, 16, , , , , 
2015/9/3, 13, 7, 12, 14, 1, 3
2015/9/4, 20, 7, 18, 6, , 3
2015/9/5, 21, 6, 22, 6, , 3
2015/9/6, 18, 8, 15, 11, 1, 3
2015/9/7, 23, 16, 16, 5, 1, 3
2015/9/8, 55, 12, 20, 6, 1, 4
2015/9/9, 43, 12, 27, 4, 1, 4
2015/9/10, 28, 15, 29, 3, 1, 3
2015/9/11, 35, 10, 27, 3, 1, 3
2015/9/15, 22, 7, 21, 8, 2, 6
2015/9/16, 27, 10, 13, 12, 2, 7
2015/9/17, 31, 9, 14, 12, 2, 7
2015/9/18, 36, 7, 20, 9, 2, 8
2015/9/19, 27, 5, 23, 5, 2, 7
2015/9/20, 22, 5, 16, 11, 3, 7
2015/9/21, 15, 5, 11, 10, 3, 8
2015/9/22, 16, 6, 13, 5, 2, 8
2015/9/23, 27, 5, 16, 3, 2, 6
2015/9/24, 13, 9, 18, 7, 3, 3
2015/9/25, 20, 11, 14, 7, 3, 3
2015/9/26, 32, 15, 21, 10, 4, 3
2015/9/27, 48, 14, 16, 13, 4, 4
2015/9/28, 43, 17, 15, 16, 4, 4
2015/9/29, 45, 33, 10, 20, 6, 5
2015/9/30, 78, 16, 18, 13, 4, 4
2015/4/1, 14, 14, 23, 10, 2, 2
2015/4/2, 18, 15, 14, 11, 3, 3
2015/4/3, 45, 11, 18, 12, 2, 2
2015/4/4, 18, 8, 22, 7, 2, 2
2015/4/5, 12, 13, 22, 11, 2, 2
2015/4/6, 23, 15, 19, 7, 1, 2
2015/4/7, 24, , , , , 
2015/5/13, 9, 12, 27, 4, 1, 2
2015/5/14, 13, 13, 26, 6, 1, 1
2015/5/15, 22, 14, 28, 6, 1, 
2015/5/16, 18, 10, 27, 4, 1, 
2015/5/17, 13, 8, 25, 8, 2, 
2015/5/18, 8, 9, 24, 9, 3, 
2015/5/19, 10, 11, 25, 9, 3, 
2015/5/20, 14, 20, 24, 7, 2, 
2015/5/21, 30, 11, 17, 7, 3, 
2015/5/22, 13, 20, 24, 6, 2, 
2015/5/23, 33, 10, 23, 5, 2, 
2015/5/24, 10, 20, 24, 8, 3, 
2015/5/25, 30, 13, 25, 8, 3, 
2015/5/26, 16, 13, 22, 6, 2, 
2015/5/27, 17, 11, 20, 7, 3, 
2015/5/28, 8, 11, 20, 8, 3, 
2015/5/29, 10, 10, 23, 6, 3, 
2015/5/30, 9, 10, 23, 5, 3, 
2015/5/31, 10, 10, 25, 2, 3, 
2015/6/1, 10, 12, 24, 3, 3, 
2015/6/2, 13, 12, 22, 8, 3, 1
2015/6/3, 14, 20, 22, 11, 4, 1
2015/6/4, 34, 18, 27, 7, 4, 
2015/6/5, 35, 12, 23, 2, 3, 
2015/6/6, 12, 12, 23, 5, 4, 
2015/6/7, 15, 11, 22, 7, 4, 1
2015/6/8, 11, 15, 28, 10, 5, 1
2015/6/9, 27, 13, 32, 8, 4, 1
2015/6/10, 20, 18, 32, 10, 5, 1
2015/6/11, 31, 21, 30, 9, 6, 1
2015/6/12, 40, 17, 28, 4, 4, 
2015/6/13, 19, 10, 22, 3, 4, 
2015/6/14, 9, 15, 18, 8, 5, 1
2015/6/15, 21, 17, 21, 7, 5, 1
2015/6/16, 34, 11, 18, 6, 5, 
2015/6/17, 12, 15, 19, 9, 5, 1
2015/6/18, 20, 11, 14, 6, 3, 1
2015/6/19, 10, 11, 17, 6, 1, 
2015/6/20, 16, 10, 17, 4, 1, 
2015/6/21, 12, 11, 14, 7, 2, 
2015/6/22, 13, 15, 18, 6, 2, 
2015/6/23, 25, 17, 14, 10, 3, 
2015/6/24, 31, 14, 13, 8, 1, 
2015/6/25, 27, 13, 17, 5, 1, 1
2015/6/26, 20, 14, 22, 2, 1, 1
2015/6/27, 19, 10, 20, 2, 1, 
2015/6/28, 12, 12, 17, 4, 2, 
2015/6/29, 13, 11, 15, 5, 2, 
2015/6/30, 18, 37, 29, 14, 3, 1
2015/1/2, 31, 9, 22, 8, 2, 1
2015/1/3, 19, 10, 16, 21, 2, 1
2015/1/4, 32, 8, 19, 9, 2, 1
2015/1/5, 31, 5, 17, 9, 2, 
2015/1/6, 28, 5, 19, 12, 2, 
2015/1/7, 25, 5, 22, 4, 2, 
2015/1/8, 28, 10, 20, 7, 2, 
2015/1/9, 28, 19, 23, 12, 2, 
2015/1/10, 41, 8, 22, 9, 2, 
2015/1/11, 29, 5, 22, 5, 2, 
2015/1/12, 23, 15, 24, 6, 2, 
2015/1/13, 38, 6, 20, 6, 2, 
2015/1/14, 26, 5, 19, 6, 2, 
2015/1/15, 24, 11, 23, 4, 2, 
2015/1/16, 32, 9, 19, 5, 2, 
2015/1/17, 22, 7, 11, 19, 2, 1
2015/1/18, 31, 8, 16, 15, 2, 1
2015/1/19, 27, 17, 8, 31, 5, 2
2015/1/20, 50, 13, 7, 26, 3, 2
2015/1/21, 52, 24, 5, 23, 3, 2
2015/1/22, 81, 22, 5, 20, 3, 2
2015/1/23, 76, 9, 16, 9, 2, 
2015/1/24, 36, 10, 18, 12, 2, 
2015/1/25, 35, 6, 19, 5, 2, 
2015/1/26, 28, 11, 18, 16, 2, 
2015/1/27, 31, 9, 17, 8, 2, 
2015/1/28, 32, , 19, 11, 2, 
2015/1/31, 18, 8, 17, 12, 3, 
2015/2/3, 50, 8, 7, 22, 3, 1
2015/2/4, 39, 21, 3, 22, 2, 
2015/2/5, 37, 13, 9, 17, 2, 
2015/2/6, 32, 19, 13, 14, 2, 
2015/2/7, 55, 10, 12, 13, 1, 
2015/2/8, 29, 11, 19, 7, , 
2015/2/9, 23, 5, 22, 6, , 1
2015/2/10, 11, 7, 21, 5, , 1
2015/2/11, 23, 18, 14, 5, , 1
2015/2/12, 55, 15, 14, 11, 1, 1
2015/2/13, 43, 37, 13, 7, 1, 2
2015/2/14, 92, 30, 16, 7, , 1
2015/2/15, 61, 26, 18, 6, 1, 2
2015/2/16, 68, 12, 20, 11, , 2
2015/2/17, 22, 12, 23, 3, , 1
2015/2/18, 17, 9, 25, 3, , 
2015/2/19, 14, 10, 25, 5, , 
2015/2/20, 14, 7, 22, 10, 1, 
2015/2/21, 9, 9, 21, 14, 1, 
2015/2/22, 15, 7, 25, 9, 1, 
2015/2/23, 12, 9, 27, 3, 1, 
2015/2/24, 15, 12, 24, 12, 1, 
2015/2/25, 16, 6, 21, 12, 1, 
2015/2/26, 12, 9, 23, 9, 1, 2
2015/2/27, 13, 13, 27, 5, 1, 2
2015/2/28, 22, 12, 28, 3, 1, 1
2015/3/1, 23, 6, 29, 4, 1, 2
2015/3/2, 8, 8, 25, 8, 1, 2
2015/3/3, 9, 9, 25, 5, 1, 2
2015/3/4, 13, 12, 23, 13, 2, 2
2015/3/5, 14, 12, 26, 4, 1, 1
2015/3/6, 15, 15, 28, 3, 1, 1
2015/3/7, 23, 11, 28, 1, 1, 
2015/3/8, 22, 9, 29, 5, 1, 2
2015/3/9, 15, 13, 28, 5, 1, 2
2015/3/10, 16, 15, 24, 13, 2, 2
2015/3/11, 20, 14, 21, 11, 1, 2
2015/3/12, 26, 14, 20, 10, 2, 2
2015/3/13, 36, 14, 20, 14, 2, 1
2015/3/14, 23, 22, 24, 3, 1, 
2015/3/15, 46, 24, 24, 7, 1, 
2015/3/16, 33, 26, 17, 7, 2, 1
2015/3/17, 58, 46, 8, 18, 2, 
2015/3/18, 109, 48, 16, 16, 2, 9
2015/3/19, 119, 31, 16, 13, 2, 9
2015/3/20, 73, 15, 21, 11, 2, 8
2015/3/21, 29, 17, 25, 9, 1, 7
2015/3/22, 19, 20, 25, 3, 1, 7
2015/3/23, 44, 12, 21, 10, 1, 5
2015/3/24, 19, 11, 20, 12, 2, 3
2015/3/25, 17, 13, 21, 12, 1, 3
2015/3/26, 25, 12, 20, 9, 2, 3
2015/3/27, 24, 13, 26, 9, 1, 3
2015/3/28, 15, 9, 26, 3, 1, 1
2015/3/29, 5, 9, 25, 8, 1, 2
2015/3/30, 14, 9, 25, 9, 2, 2
2015/3/31, 14, 12, 24, 10, 1, 2
2014/12/12, 27, 7, , , , 
2014/12/13, 28, 8, , , , 
2014/12/14, 28, 7, , , , 
2014/12/15, 26, 8, 17, 13, 3, 
2014/12/16, 27, 8, 19, 18, 2, 1
2014/12/17, 31, 5, 19, 14, 2, 
2014/12/18, 20, 4, 20, 9, 2, 
2014/12/19, 25, 9, 23, 12, 2, 1
2014/12/20, 29, 8, 21, 13, 2, 1
2014/12/21, 31, 3, 22, 3, 2, 
2014/12/22, 24, 13, 22, 10, 2, 
2014/12/23, 18, 7, 23, 13, 2, 
2014/12/24, 16, 7, 21, 9, 3, 
2014/7/1, 30, 12, 30, 4, 1, 
2014/7/2, 38, 14, 22, 4, 1, 
2014/7/3, 33, 5, 15, 4, , 
2014/7/4, 20, 10, 18, 9, 2, 
2014/7/5, 26, 7, 18, 5, 1, 
2014/7/6, 24, 8, 19, 6, 1, 
2014/7/7, 22, 9, 21, 11, 2, 
2014/7/8, 33, 11, 20, 9, 3, 
2014/7/9, 37, 13, 23, 8, 2, 
2014/7/10, 34, 17, 20, 11, 3, 
2014/7/11, 55, 10, 13, 11, 2, 
2014/7/12, 39, 5, 15, 6, 3, 
2014/7/13, 17, 5, 16, 6, 3, 
2014/7/14, 18, 9, 14, 7, 3, 
2014/7/15, 23, 7, 15, 6, 3, 
2014/7/16, 26, 9, 20, 6, 3, 
2014/7/17, 27, 13, 19, 4, 3, 
2014/7/18, 35, 18, 20, 6, 3, 
2014/7/19, 40, 12, 22, 8, 3, 
2014/7/20, 39, 8, 21, 7, 3, 
2014/7/21, 22, 13, 24, 10, 4, 
2014/7/22, 39, 12, 24, 5, 4, 
2014/7/23, 38, 12, 27, 5, 4, 1
2014/7/24, 43, 15, 28, 9, 4, 2
2014/7/25, 53, 13, 23, 11, 4, 2
2014/7/26, 50, 5, 17, 5, 4, 2
2014/7/27, 18, 9, 22, 9, 5, 2
2014/7/28, 32, 8, 15, 8, 5, 2
2014/7/29, 20, 9, 17, 6, 2, 1
2014/7/30, 27, 8, 18, 8, 1, 
2014/7/31, 28, 11, 19, 9, 1, 
2014/8/1, 37, 14, 23, 6, 1, 
2014/8/2, 46, 8, 20, 5, 2, 
2014/8/3, 22, 9, 16, 6, 2, 3
2014/8/4, 24, 14, 18, 10, 2, 3
2014/8/5, 37, 14, 14, 11, 2, 2
2014/8/6, 47, 12, 17, 8, 2, 3
2014/8/7, 24, , 18, 10, 2, 3
2014/8/11, 23, 6, 18, 6, 3, 3
2014/8/12, 20, 8, 15, 12, 3, 3
2014/8/13, 29, 11, 14, 10, 3, 3
2014/8/14, 28, 8, 15, 11, 4, 3
2014/8/15, 31, 6, 19, 6, 3, 3
2014/8/16, 27, 7, 18, 3, , 3
2014/8/17, 30, 6, 18, 6, 3, 4
2014/8/18, 17, , , , , 
2014/8/21, 28, 7, 16, 15, 3, 
2014/8/22, 27, 7, 12, 15, 3, 
2014/8/23, 33, 6, 22, 8, 3, 
2014/8/24, 29, 15, 24, 4, 3, 
2014/8/25, 39, 11, 25, 3, 3, 
2014/8/26, 28, 22, 24, 7, 3, 
2014/8/27, 44, 10, 21, 4, 3, 
2014/8/28, 37, 6, 20, 3, , 
2014/8/29, 24, 8, 20, 7, 3, 
2014/8/30, 28, 6, 21, 4, 3, 
2014/8/31, 28, 14, 15, 9, 10, 
2014/9/1, 40, 13, 16, 9, 4, 
2014/9/2, 41, 25, 10, 15, 4, 1
2014/9/3, 64, 27, 13, 16, 5, 1
2014/9/4, 72, 17, 17, 14, 4, 
2014/9/5, 54, 10, 15, 10, 8, 
2014/9/6, 38, 8, 18, 8, 8, 1
2014/9/7, 34, 13, 16, 13, 7, 1
2014/9/8, 46, 15, 11, 13, 9, 1
2014/9/9, 52, 21, 19, 11, 6, 1
2014/9/10, 62, 29, 15, 12, 6, 1
2014/9/11, 82, 37, 13, 6, 5, 
2014/9/12, 102, , , , , 
2014/4/1, 35, 26, 34, 6, 3, 1
2014/4/2, 72, 38, 26, 7, 4, 1
2014/4/3, 102, 28, 28, 15, 4, 1
2014/4/4, 84, 5, 24, 8, 4, 
2014/4/5, 20, 4, 30, 2, , 
2014/4/6, 15, 10, 25, 13, 5, 1
2014/4/7, 30, 7, 31, 8, 4, 1
2014/4/8, 22, 10, 29, 6, 3, 1
2014/4/9, 29, 10, 31, 9, 1, 1
2014/4/10, 25, 6, 29, 7, 1, 1
2014/4/11, 18, 9, 33, 4, 1, 1
2014/4/12, 24, 9, 33, 5, 2, 1
2014/4/13, 26, 8, 29, 9, 3, 1
2014/4/14, 20, 13, 33, 8, 2, 1
2014/4/15, 40, 21, 35, 5, 2, 1
2014/4/16, 56, 11, 33, 7, 3, 1
2014/4/17, 28, 17, 28, 13, 3, 2
2014/4/18, 36, 16, 32, 11, 3, 1
2014/4/19, 44, 12, 37, 4, 2, 1
2014/4/20, 39, 27, 40, 3, 3, 1
2014/4/21, 61, 27, 35, 6, 3, 
2014/4/22, 63, 26, 20, 11, 3, 
2014/4/23, 77, 8, 31, 7, 3, 
2014/4/24, 28, 9, 29, 5, 3, 1
2014/4/25, 37, 13, 32, 5, 4, 
2014/4/26, 49, 20, 33, 4, 4, 
2014/4/27, 56, 32, 34, 10, 4, 1
2014/4/28, 67, 18, 28, 12, 4, 1
2014/4/29, 57, 12, 35, 5, 4, 
2014/4/30, 45, 10, 36, 3, 4, 
2014/5/1, 19, 10, 32, 4, 2, 
2014/5/2, 22, 15, 26, 9, , 
2014/5/3, 41, 8, 25, 8, 1, 
2014/5/4, 36, 17, 33, 8, , 
2014/5/5, 50, 9, 29, 5, , 
2014/5/6, 28, 5, 29, 5, , 
2014/5/7, 17, 5, 25, 8, 1, 
2014/5/8, 20, 6, 29, 7, 1, 
2014/5/9, 22, 4, 30, 4, 1, 
2014/5/10, 15, 6, 31, 7, 1, 
2014/5/11, 24, 12, 32, 5, 2, 
2014/5/12, 29, 11, 29, 14, 3, 1
2014/5/13, 32, 11, 24, 10, 2, 
2014/5/14, 38, 9, 23, 8, 2, 
2014/5/15, 31, 11, 30, 7, 2, 
2014/5/16, 35, 9, 33, 2, , 
2014/5/17, 29, 12, 40, 2, 2, 
2014/5/18, 42, 27, 36, 6, 3, 
2014/5/19, 66, 22, 32, 5, 3, 
2014/5/20, 56, 10, 32, 9, 3, 
2014/5/21, 36, 6, 29, 5, 3, 
2014/5/22, 17, 5, 25, 3, 3, 
2014/5/23, 16, 6, 29, 2, 3, 
2014/5/24, 19, 12, 33, 5, , 
2014/5/25, 38, 12, 25, 7, 4, 
2014/5/26, 42, 16, 28, 7, 4, 
2014/5/27, 48, 19, 27, 3, 4, 
2014/5/28, 41, 18, 34, 3, 2, 
2014/5/29, 43, 17, 33, 8, 1, 
2014/5/30, 50, 17, 31, 9, 2, 
2014/5/31, 53, 11, 27, 4, 1, 
2014/6/1, 43, 4, 21, 4, 1, 
2014/6/2, 17, 8, 23, 9, 1, 
2014/6/3, 27, 10, 22, 8, 1, 
2014/6/4, 32, 8, 29, 10, 1, 
2014/6/5, 28, 7, 27, 5, 2, 
2014/6/6, 25, 13, 31, 5, 2, 
2014/6/7, 39, 10, 29, 1, 2, 
2014/6/8, 28, 16, 26, 9, 2, 1
2014/6/9, 43, 12, 20, 10, 2, 1
2014/6/10, 43, 9, 25, 7, 2, 1
2014/6/11, 31, 11, 22, 9, 2, 1
2014/6/12, 35, 14, 15, 13, 3, 1
2014/6/13, 47, 8, 21, 5, 3, 
2014/6/14, 30, 6, 20, 2, 3, 
2014/6/15, 23, 8, 24, 5, 3, 
2014/6/16, 31, 11, 19, 6, 4, 
2014/6/17, 31, 12, 18, 8, 4, 
2014/6/18, 45, 6, 19, 4, 3, 
2014/6/19, 22, 6, 4, 7, 1, 
2014/6/20, 23, 8, 3, 8, 2, 
2014/6/21, 28, 8, 4, 7, 4, 
2014/6/22, 30, 9, 3, 8, 2, 
2014/6/23, 31, 6, 18, 6, 1, 
2014/6/24, 24, 8, 19, 4, 1, 
2014/6/25, 23, 7, 24, 3, , 
2014/6/26, 22, 11, 23, 4, , 
2014/6/27, 21, 9, 22, 3, , 
2014/6/28, 23, 6, 21, 3, , 
2014/6/29, 20, 8, 21, 6, 1, 1
2014/6/30, 25, 10, 21, 5, 1, 
2014/1/2, 27, 8, 26, 5, 2, 
2014/1/3, 24, 11, 34, 2, , 
2014/1/4, 29, 13, 27, 12, 3, 
2014/1/5, 30, 8, 25, 7, 3, 
2014/1/6, 23, 15, 32, 2, 3, 
2014/1/7, 34, 10, 27, 4, 3, 
2014/1/8, 21, 11, 26, 7, 3, 
2014/1/9, 25, 13, 17, 17, 4, 1
2014/1/10, 33, 8, 22, 11, 5, 
2014/1/11, 20, 12, 15, 11, , 
2014/1/12, 32, 12, 15, 11, 8, 
2014/1/13, 30, 13, 22, 11, 5, 1
2014/1/14, 29, 16, 14, 17, 1, 2
2014/1/15, 51, 11, 17, 10, 1, 1
2014/1/16, 26, 17, 10, 17, 1, 2
2014/1/17, 41, 23, 9, 17, 2, 2
2014/1/18, 63, 13, 17, 7, 1, 1
2014/1/19, 46, 18, 16, 7, 1, 2
2014/1/20, 41, 10, 20, 13, 2, 2
2014/1/21, 27, 14, 17, 10, 2, 2
2014/1/22, 38, 11, 18, 10, 2, 2
2014/1/23, 30, 12, 24, 14, 2, 2
2014/1/24, 30, 12, 17, 11, 2, 2
2014/1/25, 29, 19, 30, 7, 2, 1
2014/1/26, 38, 12, 28, 2, 2, 1
2014/1/27, 22, 12, 26, 11, 2, 2
2014/1/28, 34, 15, 21, 8, 3, 2
2014/1/29, 37, 17, 24, 5, 2, 2
2014/1/30, 38, 32, 18, 8, 3, 3
2014/1/31, 69, 12, 10, 11, 3, 3
2014/2/1, 38, 10, 30, 5, 2, 1
2014/2/2, 22, 12, 29, 2, , 1
2014/2/3, 27, 18, 22, 8, 3, 2
2014/2/4, 40, 11, 19, 10, 3, 2
2014/2/5, 30, 3, 22, 9, 3, 1
2014/2/6, 18, , 21, 10, 3, 1
2014/2/8, 40, 9, 25, 8, 3, 1
2014/2/9, 33, 10, 29, 3, 3, 
2014/2/10, 32, 12, 25, 8, 3, 
2014/2/11, 28, 11, 25, 8, 2, 1
2014/2/12, 28, 11, 26, 11, 2, 1
2014/2/13, 24, 7, 29, 5, 1, 
2014/2/14, 18, 11, 25, 10, 2, 1
2014/2/15, 24, 9, 17, 17, 3, 1
2014/2/16, 30, 15, 22, 14, 2, 1
2014/2/17, 32, 19, 15, 14, 2, 1
2014/2/18, 50, 19, 2, 25, 3, 1
2014/2/19, 57, 5, 17, 14, 1, 1
2014/2/20, 41, 4, 30, 6, , 
2014/2/21, 21, 3, 28, 3, , 
2014/2/22, 25, , 30, 3, , 
2014/2/23, 25, , 35, 1, , 
2014/2/24, 24, , 27, 12, , 
2014/2/25, 19, 8, 32, 5, , 
2014/2/26, 23, 9, 29, 5, , 
2014/2/27, 26, 9, 29, 12, 1, 
2014/2/28, 22, 10, 26, 15, 1, 
2014/3/1, 27, 9, 29, 7, 1, 
2014/3/2, 24, 6, 31, 8, 1, 
2014/3/3, 23, 8, 25, 20, 1, 
2014/3/4, 23, 10, 28, 6, , 2
2014/3/5, 25, 9, 28, 5, , 1
2014/3/6, 25, 2, 26, 5, , 1
2014/3/7, 25, 10, 27, 8, 1, 1
2014/3/8, 27, 13, 34, 5, 1, 1
2014/3/9, 54, 6, 25, 11, 1, 1
2014/3/10, 33, 14, 22, 16, 1, 2
2014/3/11, 37, 23, 15, 12, 3, 3
2014/3/12, 56, 26, 19, 9, 3, 3
2014/3/13, 67, 18, 19, 1, 1, 1
2014/3/14, 58, 16, 26, 2, 1, 1
2014/3/15, 44, 11, 31, , , 1
2014/3/16, 34, , , , , 
2014/3/18, 32, 8, 30, 6, 2, 
2014/3/19, 26, 15, 31, 4, 2, 
2014/3/20, 37, 6, 34, 5, 2, 1
2014/3/21, 20, 7, 32, 4, 2, 1
2014/3/22, 23, 7, 31, 4, 3, 1
2014/3/23, 18, 6, 29, 11, 3, 1
2014/3/24, 18, 15, 27, 12, 3, 2
2014/3/25, 36, 18, 20, 12, 3, 1
2014/3/26, 54, 18, 34, 7, 3, 
2014/3/27, 33, 18, 32, 4, 3, 1
2014/3/28, 41, 16, 33, 4, 3, 1
2014/3/29, 37, 34, 31, 4, 3, 1
2014/3/30, 111, 30, 35, 7, 3, 1
2014/3/31, 80, 14, 33, 8, 3, 1
2020/1/1, , 17, 14, 3, 2, 
2020/1/31, , 5, 24, 2, 2, 
2019/7/11, , 11, 19, 7, 5, 1
2019/7/19, , 5, 12, , 8, 
2019/8/31, , 5, 17, 7, 5, 
2019/1/1, , 12, 22, 12, , 3
2019/1/16, , 8, 18, 14, 2, 
2018/7/17, , 8, , , , 
2018/7/23, , 5, 18, 4, 1, 
2018/1/1, , 5, 16, 11, 7, 9
2018/1/15, , 4, 23, 9, 8, 6
2018/1/28, , 12, 28, 5, 1, 1
2018/1/29, , 10, 28, 10, 2, 1
2018/1/30, , 5, 29, 2, 2, 1
2018/3/3, , 8, 29, 2, 6, 4
2018/3/7, , 7, 26, 10, 13, 6
2018/3/12, , 5, 18, 3, 3, 1
2017/11/23, , 8, 10, 18, 1, 6
2017/12/27, , 7, 7, 20, 6, 8
2017/7/31, , 7, 18, 6, 8, 9
2017/9/9, , 6, 19, , 9, 7
2017/9/10, , 6, 17, 6, 8, 7
2017/2/10, , 17, 24, 11, 1, 2
2017/3/1, , 4, 19, 18, 7, 
2016/7/16, , 10, 18, 3, 6, 
2016/7/23, , 10, 14, 4, 7, 
2016/8/11, , 6, 14, 3, 5, 
2016/4/18, , 19, 15, 15, 10, 5
2016/6/19, , 10, , , , 
2016/1/4, , 7, 16, 4, 7, 
2016/1/29, , 15, 24, 4, 5, 
2016/2/11, , 7, 14, 28, 4, 
2015/10/18, , 12, 13, 13, 3, 2
2015/12/29, , 7, 20, 5, 5, 
2015/8/3, , 12, 26, 2, 2, 3
2015/8/4, , 13, 23, 4, 2, 3
2015/8/5, , 12, 21, 7, 2, 3
2015/8/6, , 14, 21, 9, 2, 3
2015/8/7, , 13, 25, 4, 2, 2
2015/8/8, , 10, 19, 1, 2, 2
2015/8/9, , 11, 19, 4, 3, 3
2015/8/10, , 11, 17, 9, 3, 3
2015/8/11, , 13, 20, 9, 4, 3
2015/9/2, , 5, 13, 12, , 2
2015/9/12, , 5, 21, 5, 1, 3
2015/9/13, , 10, 18, 11, 2, 3
2015/9/14, , 12, 16, 13, 3, 4
2015/5/12, , 10, 22, 5, 1, 1
2015/1/1, , 4, 25, 2, 2, 
2015/1/30, , 8, 12, 20, 3, 
2015/2/1, , 12, 21, 13, 3, 1
2015/2/2, , 15, 9, 28, 5, 1
2014/12/11, , 9, , , , 
2014/12/25, , 13, 15, 18, 5, 3
2014/12/26, , 17, 1, 23, 4, 3
2014/12/27, , 8, 9, 22, 3, 1
2014/12/28, , 7, 9, 23, 3, 2
2014/8/10, , 9, 17, 7, , 3
2014/8/20, , 5, 15, 11, 2, 
2014/1/1, , 8, 24, 6, 2, 
2014/2/7, , 14, 18, 16, 3, 1
2014/3/17, , 11, 26, 6, 2, 
2019/7/10, , , 19, 6, 5, 
2019/1/12, , , 24, 8, 7, 3
2019/1/13, , , 27, 7, 8, 3
2019/1/14, , , 21, 14, 7, 4
2018/7/12, , , 18, 9, 1, 
2018/7/13, , , 28, 2, 2, 
2018/7/14, , , 25, 2, 2, 
2018/7/15, , , 25, 5, 2, 
2018/7/16, , , 16, 7, 2, 1
2018/7/20, , , 18, 3, 1, 
2018/7/21, , , 13, 2, 1, 
2018/7/22, , , 18, 3, 1, 
2018/1/13, , , 12, 8, 9, 10
2018/1/14, , , 18, 3, 10, 11
2017/7/28, , , 20, 3, 8, 8
2017/7/29, , , 21, 2, 8, 8
2017/7/30, , , 19, 3, 8, 8
2017/2/9, , , 21, 9, 1, 2
2017/2/27, , , 22, 11, 4, 
2017/3/8, , , 25, 5, 2, 
2017/3/9, , , 17, , , 
2016/7/15, , , 23, 4, 6, 
2016/7/22, , , 15, 3, 7, 
2016/8/10, , , 11, 7, 5, 
2015/7/31, , , 21, 2, 1, 2
2015/8/1, , , 21, 4, 2, 2
2015/8/2, , , 26, 2, 2, 2
2015/1/29, , , 19, 16, 2, 
2014/8/8, , , 7, 13, 2, 3